ISO3,Country,BCP sequestration in EEZ (GtC/year),Area.EEZ (km2),Carbon/area (tC/km2),BCP sequestration in MPA (GtC),Area.MPA (km2),Present value of BCP sequestration to 2050 (US$),Present value of BCP sequestration to 2030 (US$),GDP (US$),Annual value of BCP sequestration in EEZ (US$),gdp.ratio,gdp.percentage,Region,Income.group,Lending,Other,Continent,Sovereign.ISO,Territory,Name,Sovereign2,Sovereign3,Territory.ISO,SIDS
ALB,Albania,0.0000779,"12,165",6.405156772,0.00000335,271.4,"532,440,224","166,415,482",18882095518,"25,713,182 USD",0.001361776,0.14,Europe & Central Asia,Upper middle,IBRD,None,Europe,,,,,,,
DZA,Algeria,0.003,"131,193",25.39818984,0.00000123,67.94,"22,768,918,796","7,116,480,726",1.92E+11,"1,099,581,358 USD",0.005729582,0.57,Middle East & North Africa,Lower middle,IBRD,None,Africa,,,,,,,
AGO,Angola,0.012,"495,866",24.29465821,,,"82,319,761,719","25,729,240,940",1.07E+11,"3,975,475,347 USD",0.03725355,3.73,Sub-Saharan Africa,Lower middle,IBRD,None,Africa,AGO,Angola,Angolan Exclusive Economic Zone,,,AGO,
ATG,Antigua & B.,0.00021676,"111,568",1.94,0.00000143,602.46,"1,481,183,871","462,947,607",1757603704,"71,530,940 USD",0.040697991,4.07,Latin America & Caribbean,High,IBRD,None,Americas,,,,,,,1
ARG,Argentina,0.010463247,"1,072,053",9.760009137,0.001434477,141277.63,"71,498,257,999","22,346,953,738",6.33E+11,"3,452,871,535 USD",0.005456756,0.55,Latin America & Caribbean,Upper middle,IBRD,None,Americas,,,,,,,
AUS,Australia,0.055272322,"16,680,301",3.31,0.012328288,2498718.38,"378,000,000,000","118,000,000,000",1.68E+12,"18,239,866,354 USD",0.010886743,1.09,East Asia & Pacific,High,None,None,Oceania,,,,,,,
BHS,Bahamas,0.00101526,"619,785",1.64,0.000149151,47273.74,"6,937,554,462","2,168,349,453",12897400000,"335,035,916 USD",0.025977012,2.6,Latin America & Caribbean,High,None,None,Americas,,,,,,,1
BGD,Bangladesh,0.001770446,"112,166",15.78416299,,,"12,097,949,560","3,781,243,442",4.60E+11,"584,247,321 USD",0.001269548,0.13,South Asia,Lower middle,IDA,None,Asia,BGD,Bangladesh,Bangladeshi Exclusive Economic Zone,,,BGD,
BRB,Barbados,0.000604947,"185,007",3.27,5.96E-08,12.3,"4,133,768,661","1,292,019,409",5637914515,"199,632,446 USD",0.035408917,3.54,Latin America & Caribbean,High,None,None,Americas,,,,,,,1
BLZ,Belize,0.0000329,"34,312",0.96,5.77E-08,3567.26,"224,975,874","70,316,755",2824081836,"10,864,779 USD",0.00384719,0.38,Latin America & Caribbean,Upper middle,IBRD,None,Americas,,,,,,,1
BEN,Benin,0.001,"35,493",18.63783128,,,"4,520,297,985","1,412,830,085",17401746309,"218,299,140 USD",0.012544669,1.25,Sub-Saharan Africa,Lower middle,IDA,HIPC,Africa,BEN,Benin,Beninese Exclusive Economic Zone,,,BEN,
BIH,Bosnia and Herzegovina,0.000000011,13,0.85,,,"75,431","23,576",24527507288,"3,643 USD",0.000000149,0,Europe & Central Asia,Upper middle,IBRD,None,Europe,BIH,Bosnia and Herzegovina,Bosnian and Herzegovinian Exclusive Economic Zone,,,BIH,
BRA,Brazil,0.012626309,"3,677,664",3.43,0.003203907,987116.74,"86,279,060,951","26,966,729,506",1.92E+12,"4,166,682,126 USD",0.002170034,0.22,Latin America & Caribbean,Upper middle,IBRD,None,Americas,,,,,,,
BRN,Brunei,0.000284649,"43,144",6.59764827,5.66E-08,6.76,"1,945,084,827","607,940,975",16681531646,"93,934,149 USD",0.005631027,0.56,East Asia & Pacific,High,None,None,Asia,BRN,Brunei,Bruneian Exclusive Economic Zone,,,BRN,
CMR,Cameroon,0,"15,143",3.19,0.00000142,3379.4,"329,940,998","103,123,858",44341646509,"15,933,869 USD",0.000359343,0.04,Sub-Saharan Africa,Lower middle,Blend,HIPC,Africa,,,,,,,
CAN,Canada,0.016890002,"5,740,544",2.94,0.003227396,740949.63,"115,000,000,000","36,072,941,780",2.14E+12,"5,573,700,797 USD",0.002604728,0.26,North America,High,None,None,Americas,,,,,,,
CPV,Cape Verde,0.012,"801,936",14.7444496,0.000000234,5.38,"80,797,375,722","25,253,415,509",2314816792,"3,901,954,629 USD",1.68564296,169,Sub-Saharan Africa,Lower middle,Blend,None,Africa,CPV,Cape Verde,Cape Verdean Exclusive Economic Zone,,,CPV,1
CHA,Chagos Archip.,0.007522878,"650,804",11.55936079,0.007371222,640000,"51,405,905,375","16,067,040,253",12898307089,"2,482,549,818 USD",0.192470981,19,Sub-Saharan Africa,Upper middle,IBRD,None,Asia,,,,,,,
CHL,Chile,0.063103556,"3,668,775",17.20017058,0.006321402,1514331.41,"431,000,000,000","135,000,000,000",3.01E+11,"20,824,173,420 USD",0.069177555,6.92,Latin America & Caribbean,High,IBRD,None,Americas,,,,,,,
CHN,China,0.005103023,"1,302,395",3.92,0.0000334,7186.31,"34,870,364,570","10,898,816,918",1.80E+13,"1,683,997,521 USD",0.0000937,0.01,East Asia & Pacific,Upper middle,IBRD,None,Asia,,,,,,,
COL,Colombia,0.008714865,"727,967",11.97151116,0.002191653,204280.79,"59,551,080,674","18,612,834,524",3.44E+11,"2,875,905,471 USD",0.008361673,0.84,Latin America & Caribbean,Upper middle,IBRD,None,Americas,,,,,,,
COM,Comores,0.001,"164,476",6.797888677,0.00000313,616,"7,640,214,714","2,387,967,617",1242519407,"368,969,548 USD",0.296952744,30,Sub-Saharan Africa,Lower middle,IDA,HIPC,Africa,COM,Comores,Comoran Exclusive Economic Zone,,,COM,1
COK,Cook Islands,0.004756571,"1,969,961",2.41,0.005448805,2306167.5,"32,502,962,354","10,158,879,620",252000000,"1,569,668,362 USD",6.228842706,623,,Low,None,None,Oceania,,,,,,,1
CRI,Costa Rica,0.01154022,"581,726",19.8378964,0.003015377,169156.6,"78,857,512,345","24,647,106,511",68380838316,"3,808,272,639 USD",0.055692102,5.57,Latin America & Caribbean,Upper middle,IBRD,None,Americas,,,,,,,
HRV,Croatia,0.0000391,"55,404",0.71,0.00000248,2318.62,"267,148,881","83,498,030",70964606465,"12,901,444 USD",0.000181801,0.02,Europe & Central Asia,High,IBRD,None,Europe,,,,,,,
CUB,Cuba,0.001736817,"352,259",4.93,0.000134514,18907.64,"11,868,148,468","3,709,418,554",1.07E+11,"573,149,517 USD",0.005338974,0.53,Latin America & Caribbean,Upper middle,None,None,Americas,,,,,,,1
CYP,Cyprus,0.000491679,"98,450",4.99,0.0000483,8494.4,"3,359,776,496","1,050,106,283",28439052741,"162,253,976 USD",0.005705323,0.57,Europe & Central Asia,High,None,None,Asia,,,,,,,
COD,Dem. Rep. Congo,0,"13,373",24.51549722,,,"2,240,260,546","700,198,861",58065953573,"108,189,096 USD",0.001863211,0.19,Sub-Saharan Africa,Low,IDA,HIPC,Africa,COD,Democratic Republic of the Congo,Democratic Republic of the Congo Exclusive Economic Zone,,,COD,
DNK,Denmark,0.016410864,"2,639,276",6.217941627,0.0000224,104512.3,"112,000,000,000","35,049,618,757",3.95E+11,"5,415,585,155 USD",0.013696334,1.37,Europe & Central Asia,High,None,None,Europe,,,,,,,
DMA,Dominica,0.0000837,"28,552",2.93,0.000000033,4,"571,653,008","178,671,532",612048148.1,"27,606,888 USD",0.045105745,4.51,Latin America & Caribbean,Upper middle,Blend,None,Americas,,,,,,,1
DOM,Dominican Republic,0.000613543,"350,694",1.75,0.0000415,48105.93,"4,192,510,226","1,310,379,227",1.14E+11,"202,469,258 USD",0.001781641,0.18,Latin America & Caribbean,Upper middle,IBRD,None,Americas,,,,,,,1
TLS,East Timor,0.00046181,"77,473",5.96090902,0.00000567,939.11,"3,155,671,930","986,312,906",3163324631,"152,397,137 USD",0.048176256,4.82,East Asia & Pacific,Lower middle,Blend,None,Asia,TLS,Oecusse,Oecussi Ambeno Exclusive Economic Zone,,,,1
ECU,Ecuador,0.034946708,"1,077,731",32.42618799,0.007026304,205137.8,"239,000,000,000","74,637,678,104",1.15E+11,"11,532,413,643 USD",0.100239147,10,Latin America & Caribbean,Upper middle,IBRD,None,Americas,,,,,,,
EGY,Egypt,0.001,"243,342",6.032552784,0.00000899,1226.3,"10,031,068,213","3,135,234,670",4.77E+11,"484,431,242 USD",0.001016116,0.1,Middle East & North Africa,Lower middle,IBRD,None,Africa,,,,,,,
SLV,El Salvador,0.002600795,"95,099",27.34828853,,,"17,771,950,024","5,554,666,031",32488720000,"858,262,314 USD",0.02641724,2.64,Latin America & Caribbean,Lower middle,IBRD,None,Americas,SLV,El Salvador,El Salvador Exclusive Economic Zone,,,SLV,
GNQ,Eq. Guinea,0.006,"304,133",18.48309972,0.0000102,698.6,"38,412,036,470","12,005,775,050",11813908448,"1,855,035,787 USD",0.157021344,16,Sub-Saharan Africa,Upper middle,IBRD,None,Africa,,,,,,,
FJI,Fiji,0.002835137,"1,300,509",2.18,0.0000312,12566.3,"19,373,273,293","6,055,163,498",4943248200,"935,595,157 USD",0.189267283,19,East Asia & Pacific,Upper middle,Blend,None,Oceania,,,,,,,1
FRA,France,0.044719481,"9,547,420",4.68,0.029772306,4087111.71,"306,000,000,000","95,509,946,523",2.78E+12,"14,757,428,665 USD",0.005302877,0.53,Europe & Central Asia,High,None,None,Europe,,,,,,,
FSM,FS of Micronesia,0.013999541,"3,055,151",4.58,0.00000198,475.09,"95,662,733,356","29,899,619,047",427094119.1,"4,619,848,626 USD",10.81693336,1082,East Asia & Pacific,Lower middle,IDA,None,Oceania,FSM,FS of Micronesia,Micronesian Exclusive Economic Zone,,,FS of Micronesia,1
GAB,Gabon,0.004,"201,759",21.01554854,0.001278696,56827.5,"28,973,611,128","9,055,772,345",21071739228,"1,399,225,099 USD",0.066402924,6.64,Sub-Saharan Africa,Upper middle,IBRD,None,Africa,,,,,,,
GMB,Gambia,0,"23,097",16.75975774,0.00000201,52.5,"2,645,162,097","826,751,821",2273060863,"127,743,041 USD",0.056198689,5.62,Sub-Saharan Africa,Low,IDA,HIPC,Africa,,,,,,,
DEU,Germany,0.00000012,"56,763",0,2.76E-08,27778.8,"822,055","256,935",4.07E+12,"39,700 USD",9.75E-09,0,Europe & Central Asia,High,None,None,Europe,,,,,,,
GHA,Ghana,0.003,"227,500",14.47351834,,,"22,500,102,502","7,032,461,542",72838798788,"1,086,599,389 USD",0.014917865,1.49,Sub-Saharan Africa,Lower middle,IDA,HIPC,Africa,GHA,Ghana,Ghanaian Exclusive Economic Zone,,,GHA,
GRC,Greece,0.010113005,"482,910",20.94179991,0.000417437,22449.06,"69,104,954,366","21,598,920,890",2.19E+11,"3,337,291,516 USD",0.015234183,1.52,Europe & Central Asia,High,None,None,Europe,,,,,,,
GRD,Grenada,0.000138794,"25,571",5.427775604,0.00000137,216.95,"948,415,355","296,429,517",1256413185,"45,801,904 USD",0.036454492,3.65,Latin America & Caribbean,Upper middle,Blend,None,Americas,,,,,,,1
GTM,Guatemala,0.002857422,"110,695",25.81347356,,,"19,525,557,077","6,102,760,164",95003333381,"942,949,411 USD",0.009925435,0.99,Latin America & Caribbean,Upper middle,IBRD,None,Americas,GTM,Guatemala,Guatemalan Exclusive Economic Zone,,,GTM,
GIN,Guinea,0.001,"102,163",7.438948523,0.00000117,389.3,"5,193,189,505","1,623,143,960",21227749389,"250,795,148 USD",0.011814495,1.18,Sub-Saharan Africa,Low,IDA,HIPC,Africa,,,,,,,
GNB,Guinea-Bissau,0.001,"106,870",8.312347005,0.0000149,10444.8,"6,070,276,229","1,897,279,540",1633559092,"293,152,373 USD",0.17945624,18,Sub-Saharan Africa,Low,IDA,HIPC,Africa,,,,,,,1
GUY,Guyana,0.000583893,"135,060",4.32,,,"3,989,902,042","1,247,053,548",15357537068,"192,684,683 USD",0.012546588,1.25,Latin America & Caribbean,Upper middle,IDA,HIPC,Americas,GUY,Guyana,Guyanese Exclusive Economic Zone,,,GUY,1
HTI,Haiti,0.000221002,"103,485",2.14,0.0000036,1295,"1,510,167,246","472,006,431",20253551885,"72,930,637 USD",0.003600881,0.36,Latin America & Caribbean,Lower middle,IDA,HIPC,Americas,,,,,,,1
HND,Honduras,0.000591886,"208,636",2.84,0.0000265,9686.9,"4,044,523,325","1,264,125,563",31717700115,"195,322,514 USD",0.006158155,0.62,Latin America & Caribbean,Lower middle,IDA,HIPC,Americas,,,,,,,
ISL,Iceland,0.008803328,"763,239",11.53416894,0.0000115,3181.88,"60,155,569,409","18,801,768,942",27841648044,"2,905,098,097 USD",0.104343611,10,Europe & Central Asia,High,None,None,Europe,,,,,,,
IND,India,0.033290126,"2,323,935",14.32489565,,,"227,000,000,000","71,099,622,166",3.39E+12,"10,985,741,699 USD",0.003245332,0.32,South Asia,Lower middle,IBRD,None,Asia,IND,India,Indian Exclusive Economic Zone,,,IND,
IDN,Indonesia,0.030885166,"6,020,917",5.129644796,0.000686471,167681.09,"211,000,000,000","65,963,210,168",1.32E+12,"10,192,104,634 USD",0.007726559,0.77,East Asia & Pacific,Lower middle,IBRD,None,Asia,,,,,,,
IRN,Iran,0.000299557,"215,332",1.39,,,"2,046,954,718","639,780,656",3.89E+11,"98,853,761 USD",0.000254421,0.03,Middle East & North Africa,Lower middle,IBRD,None,Asia,IRN,Iran,Iranian Exclusive Economic Zone,,,IRN,
IRL,Ireland,0.002719716,"427,039",6.368776473,0.0000458,10429.68,"18,584,570,380","5,808,652,492",5.29E+11,"897,506,259 USD",0.001695824,0.17,Europe & Central Asia,High,None,None,Europe,,,,,,,
ISR,Israel,0.0000201,"24,628",0.82,1.30E-09,0.49,"137,373,142","42,936,308",5.22E+11,"6,634,173 USD",0.0000127,0,Middle East & North Africa,High,None,None,Asia,,,,,,,
ITA,Italy,0.008715967,"536,654",16.24131511,0.000218527,14502.65,"59,558,608,575","18,615,187,387",2.01E+12,"2,876,269,016 USD",0.001430674,0.14,Europe & Central Asia,High,None,None,Europe,,,,,,,
CIV,Ivory Coast,0.003,"171,760",15.55534129,,,"18,257,047,920","5,706,284,554",70018715017,"881,689,189 USD",0.012592193,1.26,Sub-Saharan Africa,Lower middle,IDA,HIPC,Africa,CIV,Ivory Coast,Ivory Coast Exclusive Economic Zone,,,CIV,
JAM,Jamaica,0.000838551,"256,909",3.26,0.0000135,2953.17,"5,730,052,450","1,790,941,774",17097760745,"276,721,917 USD",0.016184688,1.62,Latin America & Caribbean,Upper middle,IBRD,None,Americas,,,,,,,1
JPN,Japan,0.022871261,"4,066,513",5.624293212,0.00193668,340598.13,"156,000,000,000","48,847,457,977",4.23E+12,"7,547,516,283 USD",0.001783802,0.18,East Asia & Pacific,High,None,None,Asia,,,,,,,
KEN,Kenya,0.001,"113,833",10.22625657,0.00000449,801.2,"7,954,517,587","2,486,203,741",1.13E+11,"384,148,203 USD",0.003386953,0.34,Sub-Saharan Africa,Lower middle,Blend,None,Africa,,,,,,,
KIR,Kiribati,0.025833193,"3,440,952",7.507571513,0.002793345,410000,"177,000,000,000","55,173,424,602",223352943.2,"8,524,953,760 USD",38.16808338,3817,East Asia & Pacific,Lower middle,IDA,None,Oceania,,,,,,,1
LBN,Lebanon,0.0000409,"20,184",2.03,5.39E-08,39.8,"279,568,395","87,379,779",23131941557,"13,501,221 USD",0.000583661,0.06,Middle East & North Africa,Lower middle,IBRD,None,Asia,,,,,,,
LBR,Liberia,0.003,"251,781",12.04252677,0.0000067,129.1,"20,719,036,447","6,475,785,032",4001047150,"1,000,586,213 USD",0.250081085,25,Sub-Saharan Africa,Low,IDA,HIPC,Africa,,,,,,,
LBY,Libya,0.007,"364,524",20.57015597,,,"51,238,061,649","16,014,580,290",45752336036,"2,474,444,127 USD",0.054083449,5.41,Middle East & North Africa,Upper middle,IBRD,None,Africa,LBY,Libya,Libyan Exclusive Economic Zone,,,LBY,
MDG,Madagascar,0.003,"1,196,285",2.78,0.000018,9985.2,"22,760,920,859","7,113,980,951",14954967604,"1,099,195,112 USD",0.073500334,7.35,Sub-Saharan Africa,Low,IDA,HIPC,Africa,,,,,,,
MYS,Malaysia,0.00110893,"510,804",2.17,0.000054,24816.11,"7,577,624,926","2,368,405,027",4.06E+11,"365,946,894 USD",0.000900668,0.09,East Asia & Pacific,Upper middle,IBRD,None,Asia,,,,,,,
MDV,Maldives,0.011633297,"920,739",12.63473952,0.00000785,623.07,"79,493,535,316","24,845,897,031",6189865408,"3,838,988,151 USD",0.620205432,62,South Asia,Upper middle,IDA,None,Asia,,,,,,,1
MLT,Malta,0.001556727,"52,923",29.41494443,0.000321246,11014.95,"10,637,546,385","3,324,790,892",17765270015,"513,719,944 USD",0.028917092,2.89,Middle East & North Africa,High,None,None,Europe,,,,,,,
MHL,Marshall Islands,0.008845072,"2,050,000",4.31,0.0000239,7247.97,"60,440,821,886","18,890,925,295",279667900,"2,918,873,820 USD",10.4369283,1044,East Asia & Pacific,Upper middle,IDA,None,Oceania,,,,,,,1
MRT,Mauritania,0.004,"173,180",22.76597007,0.000159326,12860,"26,940,948,129","8,420,458,601",10375460680,"1,301,061,530 USD",0.125397953,13,Sub-Saharan Africa,Lower middle,IDA,HIPC,Africa,,,,,,,
MUS,Mauritius,0.007,"1,278,182",5.712204133,9.58E-08,45.06,"49,891,366,171","15,593,667,356",12898307089,"2,409,408,046 USD",0.186800332,19,Sub-Saharan Africa,Upper middle,IBRD,None,Africa,MUS,Republic of Mauritius,Mauritian Exclusive Economic Zone,,,MUS,1
MEX,Mexico,0.030789336,"3,187,013",9.660875619,0.006857384,719655.38,"210,000,000,000","65,758,541,920",1.41E+12,"10,160,480,943 USD",0.007184665,0.72,Latin America & Caribbean,Upper middle,IBRD,None,Americas,,,,,,,
MNE,Montenegro,0.00004,"6,383",6.269581422,,,"273,459,094","85,470,302",6095978868,"13,206,184 USD",0.002166376,0.22,Europe & Central Asia,Upper middle,IBRD,None,Europe,MNE,Montenegro,Montenegrin Exclusive economic Zone,,,MNE,
MAR,Morocco,0.002,"280,452",5.380317912,0.0000452,1177.74,"10,310,873,517","3,222,688,495",1.34E+11,"497,943,903 USD",0.003710959,0.37,Middle East & North Africa,Lower middle,IBRD,None,Africa,,,,,,,
MOZ,Mozambique,0.002,"566,292",3.09,0.0000158,9430.7,"11,938,339,239","3,731,356,849",17851491428,"576,539,246 USD",0.032296419,3.23,Sub-Saharan Africa,Low,IDA,HIPC,Africa,,,,,,,
MMR,Myanmar,0.004548515,"497,460",9.143479261,0.0000029,675.32,"31,081,260,955","9,714,523,404",59364362541,"1,501,010,014 USD",0.025284699,2.53,East Asia & Pacific,Lower middle,IDA,None,Asia,,,,,,,
NAM,Namibia,0.014,"562,212",25.2432677,0.0000596,9390,"96,978,321,678","30,310,809,364",12607436976,"4,683,382,446 USD",0.37147776,37,Sub-Saharan Africa,Upper middle,IBRD,None,Africa,,,,,,,
NRU,Nauru,0.002013181,"309,261",6.509649253,,,"13,756,619,489","4,299,664,746",150922211,"664,349,611 USD",4.40193399,440,East Asia & Pacific,High,IBRD,None,Oceania,NRU,Nauru,Nauruan Exclusive Economic Zone,,,NRU,1
NLD,Netherlands,0.000563712,"144,878",3.89,0.000165977,56444.15,"3,852,002,120","1,203,952,594",9.91E+11,"186,025,070 USD",0.000187693,0.02,Europe & Central Asia,High,None,None,Europe,,,,,,,
NZL,New Zealand,0.035752087,"4,695,188",7.614623041,0.008069356,1058911.31,"244,000,000,000","76,357,771,379",2.47E+11,"11,798,188,619 USD",0.047720737,4.77,East Asia & Pacific,High,None,None,Oceania,,,,,,,
NIC,Nicaragua,0.002565473,"213,813",11.9986779,0.0000525,7341.6,"17,530,587,958","5,479,227,733",15671583878,"846,606,195 USD",0.054021738,5.4,Latin America & Caribbean,Lower middle,IDA,HIPC,Americas,,,,,,,
NGA,Nigeria,0.002,"179,048",12.32761068,,,"15,082,639,972","4,714,115,660",4.77E+11,"728,387,232 USD",0.001525783,0.15,Sub-Saharan Africa,Lower middle,Blend,None,Africa,NGA,Nigeria,Nigerian Exclusive Economic Zone,,,NGA,
NIU,Niue,0.000514955,"321,018",1.6,0.000199465,130000.34,"3,518,827,185","1,099,817,961",30510000,"169,935,025 USD",5.569813978,557,,Low,None,None,Oceania,,,,,,,1
NOR,Norway,0.010771371,"2,022,997",5.324462381,0.000260841,160796.52,"73,603,756,800","23,005,032,488",5.79E+11,"3,554,552,570 USD",0.006136294,0.61,Europe & Central Asia,High,None,None,Europe,,,,,,,
OMN,Oman,0.014782091,"556,490",26.5630841,0.000074,1193.2,"101,000,000,000","31,570,954,408",1.15E+11,"4,878,089,922 USD",0.042541358,4.25,Middle East & North Africa,High,None,None,Asia,,,,,,,
PAK,Pakistan,0.003384331,"224,374",15.08343766,,,"23,126,070,377","7,228,109,318",3.77E+11,"1,116,829,310 USD",0.002966086,0.3,South Asia,Lower middle,Blend,None,Asia,PAK,Pakistan,Pakistani Exclusive Economic Zone,,,PAK,
PLW,Palau,0.002529223,"616,021",4.11,0.002509131,607459.91,"17,282,881,000","5,401,806,323",217800000,"834,643,662 USD",3.832156389,383,East Asia & Pacific,Upper middle,IBRD,None,Oceania,,,,,,,1
PAN,Panama,0.00383524,"331,318",11.57570787,0.001682194,83719.33,"26,207,257,090","8,191,141,689",76522511781,"1,265,629,325 USD",0.016539307,1.65,Latin America & Caribbean,High,IBRD,None,Americas,,,,,,,
PNG,Papua N. Guinea,0.012196339,"2,851,941",4.28,0.00000476,2804.73,"83,340,952,121","26,048,416,474",30633444295,"4,024,791,783 USD",0.131385545,13,East Asia & Pacific,Lower middle,Blend,None,Oceania,,,,,,,1
PER,Peru,0.04527843,"854,698",52.97594002,0.003868068,66425.8,"309,000,000,000","96,703,726,183",2.43E+11,"14,941,881,895 USD",0.061582487,6.16,Latin America & Caribbean,Upper middle,IBRD,None,Americas,,,,,,,
PHL,Philippines,0.005609099,"1,971,033",2.85,0.0000806,41708.14,"38,328,525,084","11,979,673,364",4.04E+11,"1,851,002,765 USD",0.004578471,0.46,East Asia & Pacific,Lower middle,IBRD,None,Asia,,,,,,,
PRT,Portugal,0.012403497,"1,728,718",7.17496866,0.001712728,295840.53,"84,756,525,003","26,490,857,207",2.52E+11,"4,093,154,166 USD",0.016246221,1.62,Europe & Central Asia,High,None,None,Europe,,,,,,,
COG,Rep. of Congo,0.001,"33,807",21.1421168,0.0000375,1200,"4,884,094,758","1,526,535,648",14615532210,"235,868,009 USD",0.016138174,1.61,Sub-Saharan Africa,Lower middle,Blend,HIPC,Africa,COG,Republic of the Congo,Congolese Exclusive Economic Zone,,,COG,
RUS,Russia,0.046459217,"7,734,809",6.006511166,0.000471925,153002.46,"317,000,000,000","99,225,599,577",2.24E+12,"15,331,541,486 USD",0.006843155,0.68,Europe & Central Asia,Upper middle,IBRD,None,Europe,RUS,Russia,Russian Exclusive economic Zone,,,RUS,
KNA,Saint Kitts and Nevis,0.0000233,"9,502",2.46,0.00000105,436.12,"159,425,977","49,828,975",961563259.3,"7,699,172 USD",0.008006933,0.8,Latin America & Caribbean,High,IBRD,None,Americas,,,,,,,1
LCA,Saint Lucia,0.0000611,"15,413",3.97,0.00000235,408.39,"417,649,357","130,537,318",2065027556,"20,169,576 USD",0.009767219,0.98,Latin America & Caribbean,Upper middle,Blend,None,Americas,,,,,,,1
WSM,Samoa,0.000272057,"133,348",2.04,0.000000213,94.95,"1,859,037,593","581,046,703",832421565.4,"89,778,663 USD",0.107852399,11,East Asia & Pacific,Lower middle,IDA,None,Oceania,,,,,,,1
STP,Sao Tome & P.,0.003,"130,844",22.60901499,0.00000153,32.59,"20,214,566,581","6,318,111,754",546680341.6,"976,223,806 USD",1.785730584,179,Sub-Saharan Africa,Lower middle,IDA,HIPC,Africa,,,,,,,1
SEN,Senegal,0.003,"158,358",17.53014877,0.0000543,3246.38,"18,969,443,477","5,928,945,511",27684430244,"916,092,969 USD",0.033090548,3.31,Sub-Saharan Africa,Lower middle,IDA,HIPC,Africa,,,,,,,
SYC,Seychelles,0.017,"1,341,504",12.45098273,0.005894059,444780.61,"114,000,000,000","35,673,642,176",1588406479,"5,512,004,234 USD",3.470147161,347,Sub-Saharan Africa,High,IBRD,None,Africa,,,,,,,1
SLE,Sierra Leone,0.002,"160,584",10.54169795,0.0000293,2607.1,"11,567,561,572","3,615,469,391",3970343852,"558,633,248 USD",0.140701478,14,Sub-Saharan Africa,Low,IDA,HIPC,Africa,,,,,,,
SGP,Singapore,7.99E-11,714,0,1.12E-14,0.1,546,171,4.67E+11,26 USD,5.65E-11,0,East Asia & Pacific,High,None,None,Asia,,,,,,,1
SLB,Solomon Islands,0.006872945,"1,605,325",4.28,0.000012,1556.17,"46,964,728,821","14,678,939,762",1595710784,"2,268,071,696 USD",1.421355122,142,East Asia & Pacific,Lower middle,IDA,None,Oceania,,,,,,,1
SOM,Somalia,0.012,"781,843",15.6370359,,,"83,541,634,006","26,111,140,083",8126105600,"4,034,483,330 USD",0.496484236,50,Sub-Saharan Africa,Low,IDA,HIPC,Africa,SOM,Federal Republic of Somalia,Somali Exclusive Economic Zone,,,SOM,
ZAF,South Africa,0.015,"1,547,576",9.413626416,0.002120748,224990.6,"99,549,234,571","31,114,354,417",4.06E+11,"4,807,539,764 USD",0.011845024,1.18,Sub-Saharan Africa,Upper middle,IBRD,None,Africa,,,,,,,
KOR,South Korea,0.001855368,"347,671",5.336562519,0.00000431,12245.45,"12,678,242,323","3,962,615,350",1.67E+12,"612,271,449 USD",0.000367675,0.04,East Asia & Pacific,High,None,None,Asia,KOR,South Korea,South Korean Exclusive Economic Zone,,,KOR,
ESP,Spain,0.01142184,"1,007,673",11.33486773,0.001773678,144969.83,"78,048,589,463","24,394,275,705",1.40E+12,"3,769,207,257 USD",0.002697088,0.27,Europe & Central Asia,High,None,None,Europe,,,,,,,
LKA,Sri Lanka,0.007658827,"533,559",14.35422634,0.000000635,19.71,"52,334,878,460","16,357,393,041",74403578363,"2,527,412,795 USD",0.033968968,3.4,South Asia,Lower middle,IBRD,None,Asia,,,,,,,
VCT,St. Vincent & Gr.,0.000180854,"36,244",4.99,0.000000502,81.42,"1,235,823,732","386,259,701",948558503.1,"59,681,742 USD",0.062918356,6.29,Latin America & Caribbean,Upper middle,Blend,None,Americas,,,,,,,1
SUR,Suriname,0.000699754,"133,303",5.249349585,0.00000131,3317,"4,781,612,732","1,494,504,643",3620655116,"230,918,836 USD",0.063778192,6.38,Latin America & Caribbean,Upper middle,IBRD,None,Americas,,,,,,,1
SYR,Syria,0.0000115,"10,269",1.12,,,"78,320,948","24,479,402",11159274040,"3,782,360 USD",0.000338943,0.03,Middle East & North Africa,Low,IDA,None,Asia,SYR,Syria,Syrian Exclusive Economic Zone,,,SYR,
TWN,Taiwan,0.002564714,"355,433",7.215746119,,,"17,525,401,311","5,477,606,634",828659000,"846,355,716 USD",1.021355848,102,East Asia & Pacific,High,None,None,Asia,TWN,Taiwan,Taiwanese Exclusive Economic Zone,,,TWN,
TZA,Tanzania,0.003,"241,567",10.4736229,0.0000448,6092.5,"17,288,747,003","5,403,639,757",75709289056,"834,926,949 USD",0.011028065,1.1,Sub-Saharan Africa,Lower middle,IDA,HIPC,Africa,TZA,Tanzania,Tanzanian Exclusive Economic Zone,,,TZA,
THA,Thailand,0.000339451,"298,683",1.14,4.07E-11,3140.6,"2,319,561,361","724,984,522",4.95E+11,"112,018,777 USD",0.000226145,0.02,East Asia & Pacific,Upper middle,IBRD,None,Asia,,,,,,,
TGO,Togo,0,"15,447",18.75494018,,,"1,979,651,803","618,744,967",8126439481,"95,603,495 USD",0.0117645,1.18,Sub-Saharan Africa,Low,IDA,HIPC,Africa,TGO,Togo,Togolese Exclusive Economic Zone,,,TGO,
TON,Tonga,0.001375546,"664,453",2.07,0.000000867,386.94,"9,399,486,508","2,937,832,278",469228124.2,"453,930,212 USD",0.967397708,97,East Asia & Pacific,Upper middle,IDA,None,Oceania,,,,,,,1
TTO,Trinidad and Tobago,0.000344084,"76,562",4.49,5.32E-08,7.5,"2,351,222,184","734,880,189",27899082337,"113,547,776 USD",0.004069947,0.41,Latin America & Caribbean,High,IBRD,None,Americas,,,,,,,1
TUN,Tunisia,0.001,"99,701",14.32625859,0.00000694,904.97,"9,760,257,605","3,050,592,158",46664948952,"471,352,962 USD",0.010100792,1.01,Middle East & North Africa,Lower middle,IBRD,None,Africa,,,,,,,
TUR,Turkey,0.000370398,"262,233",1.41,0.00000018,130.2,"2,531,034,178","791,080,864",9.06E+11,"122,231,452 USD",0.000134915,0.01,Europe & Central Asia,Upper middle,IBRD,None,Asia,,,,,,,
TUV,Tuvalu,0.00234744,"753,139",3.12,0.000000525,180.6,"16,040,704,421","5,013,561,024",60349391.1,"774,655,121 USD",12.83617128,1284,East Asia & Pacific,Upper middle,IDA,None,Oceania,,,,,,,1
GBR,UK,0.019729141,"4,088,498",4.83,0.023438037,3399837.34,"135,000,000,000","42,136,651,326",3.07E+12,"6,510,616,420 USD",0.002120259,0.21,Europe & Central Asia,High,None,None,Europe,GBR,Cayman Islands,Cayman Islands Exclusive Economic Zone,,,CYM,
USA,United States,0.0796456,"10,300,000",7.73,0.022416097,6567841.1,"544,000,000,000","170,000,000,000",2.55E+13,"26,283,047,948 USD",0.001032218,0.1,North America,High,None,None,Americas,USA,Puerto Rico,Overlapping claim: Puerto Rico / Dominican Republic,Dominican Republic,,PRI,
URY,Uruguay,0.000839758,"143,092",5.868659315,0.00000145,1957.7,"5,738,299,776","1,793,519,496",71177146197,"277,120,206 USD",0.003893387,0.39,Latin America & Caribbean,High,IBRD,None,Americas,,,,,,,
VUT,Vanuatu,0.001444133,"623,424",2.32,9.95E-08,10.25,"9,868,158,166","3,084,316,740",983582864.6,"476,563,813 USD",0.484518214,48,East Asia & Pacific,Lower middle,IDA,None,Oceania,,,,,,,1
VNM,Vietnam,0.004154377,"750,958",5.532102575,0.00000801,16938.3,"28,388,003,642","8,872,739,307",4.09E+11,"1,370,944,306 USD",0.003353566,0.34,East Asia & Pacific,Lower middle,IBRD,None,Asia,VNM,Vietnam,Vietnamese Exclusive Economic Zone,,,VNM,
