UNION,MRGID_EEZ,TERRITORY1,MRGID_TER1,ISO_TER1,UN_TER1,SOVEREIGN1,MRGID_SOV1,ISO_SOV1,UN_SOV1,TERRITORY2,MRGID_TER2,ISO_TER2,UN_TER2,SOVEREIGN2,MRGID_SOV2,ISO_SOV2,UN_SOV2,TERRITORY3,MRGID_TER3,ISO_TER3,UN_TER3,SOVEREIGN3,MRGID_SOV3,ISO_SOV3,UN_SOV3,POL_TYPE,Y_1,x_1,AREA_KM2,a
Jordan,8491,Jordan,2120,JOR,400,Jordan,2120,JOR,400,,,,,,,,,,,,,,,,,Union EEZ and country,31.245069999999998,36.786600000000000,89444,89443.7760200000
Burundi,,Burundi,2172,BDI,108,Burundi,2172,BDI,108,,,,,,,,,,,,,,,,,Landlocked country,-3.366000000000000,29.891290000000001,26833,26832.7437200000
Uruguay,8467,Uruguay,2216,URY,858,Uruguay,2216,URY,858,,,,,,,,,,,,,,,,,Union EEZ and country,-34.157409999999999,-54.789459999999998,320453,320452.6077000000
Latvia,5683,Latvia,2132,LVA,428,Latvia,2132,LVA,428,,,,,,,,,,,,,,,,,Union EEZ and country,56.930799999999998,23.833359999999999,92873,92872.9949700000
Kuril Islands,48950,Kuril Islands,9011,,,Japan,2121,JPN,392,Kuril Islands,9011,,,Russia,2240,RUS,643,,,,,,,,,Overlapping claim,43.905380000000001,147.944299999999998,218735,218735.0936000000
Belarus,,Belarus,2141,BLR,112,Belarus,2141,BLR,112,,,,,,,,,,,,,,,,,Landlocked country,53.542029999999997,28.049340000000001,207595,207594.6878000000
Hungary,,Hungary,2130,HUN,348,Hungary,2130,HUN,348,,,,,,,,,,,,,,,,,Landlocked country,47.165019999999998,19.412530000000000,93001,93001.3893400000
Tajikistan,,Tajikistan,2178,TJK,762,Tajikistan,2178,TJK,762,,,,,,,,,,,,,,,,,Landlocked country,38.527999999999999,71.036590000000004,142401,142400.8008000000
South Korea,8327,South Korea,8600,KOR,410,South Korea,8600,KOR,410,,,,,,,,,,,,,,,,,Union EEZ and country,35.879510000000003,127.625470000000007,448099,448099.2543000000
Bahamas,8404,Bahamas,2144,BHS,44,Bahamas,2144,BHS,44,,,,,,,,,,,,,,,,,Union EEZ and country,25.099200000000000,-75.599890000000002,633060,633060.0463000000
Cook Islands,8446,Cook Islands,8672,COK,184,New Zealand,2227,NZL,554,,,,,,,,,,,,,,,,,Union EEZ and country,-15.019480000000000,-161.303089999999997,1969814,1969814.1560000000
Iceland,5680,Iceland,2129,ISL,352,Iceland,2129,ISL,352,,,,,,,,,,,,,,,,,Union EEZ and country,64.732460000000003,-18.465039999999998,865631,865630.9691000000
Russia,5690,Russia,2240,RUS,643,Russia,2240,RUS,643,,,,,,,,,,,,,,,,,Union EEZ and country,65.758219999999994,95.437830000000005,24610609,24610608.9200000018
Lithuania,5684,Lithuania,2156,LTU,440,Lithuania,2156,LTU,440,,,,,,,,,,,,,,,,,Union EEZ and country,55.377160000000003,23.560120000000001,71779,71779.0869500000
Israel,8375,Israel,2123,ISR,376,Israel,2123,ISR,376,,,,,,,,,,,,,,,,,Union EEZ and country,32.058079999999997,34.482990000000001,46693,46692.9281300000
Wallis and Futuna,8454,Wallis and Futuna,8680,WLF,876,France,17,FRA,250,,,,,,,,,,,,,,,,,Union EEZ and country,-12.755590000000000,-176.811350000000004,250790,250790.0270000000
Brazil,8464,Brazil,2143,BRA,76,Brazil,2143,BRA,76,,,,,,,,,,,,,,,,,Union EEZ and country,-10.863160000000001,-49.305459999999997,11678267,11678266.5800000001
Kenya,8349,Kenya,2118,KEN,404,Kenya,2118,KEN,404,,,,,,,,,,,,,,,,,Union EEZ and country,-0.169440000000000,38.576580000000000,707485,707484.6591000000
Federal Republic of Somalia,8350,Federal Republic of Somalia,2187,SOM,706,Federal Republic of Somalia,2187,SOM,706,,,,,,,,,,,,,,,,,Union EEZ and country,5.475270000000000,47.350149999999999,1454124,1454124.3300000001
Comores,8334,Comores,2163,COM,174,Comores,2163,COM,174,,,,,,,,,,,,,,,,,Union EEZ and country,-11.427890000000000,43.456539999999997,166149,166148.6598000000
Bangladesh,8481,Bangladesh,2142,BGD,50,Bangladesh,2142,BGD,50,,,,,,,,,,,,,,,,,Union EEZ and country,22.352670000000000,90.407129999999995,250237,250237.1507000000
Ireland,5681,Ireland,2114,IRL,372,Ireland,2114,IRL,372,,,,,,,,,,,,,,,,,Union EEZ and country,52.727969999999999,-11.242820000000000,498255,498255.4494000000
Marshall Islands,8318,Marshall Islands,2226,MHL,584,Marshall Islands,2226,MHL,584,,,,,,,,,,,,,,,,,Union EEZ and country,10.150539999999999,167.486250000000013,2004959,2004958.8080000000
Montenegro,5691,Montenegro,17831,MNE,499,Montenegro,17831,MNE,499,,,,,,,,,,,,,,,,,Union EEZ and country,42.500700000000002,19.073640000000001,20237,20237.2039300000
New Zealand,8455,New Zealand,2227,NZL,554,New Zealand,2227,NZL,554,,,,,,,,,,,,,,,,,Union EEZ and country,-42.708910000000003,77.748909999999995,4374136,4374135.8870000001
Saint-Pierre and Miquelon,8494,Saint-Pierre and Miquelon,8686,SPM,666,France,17,FRA,250,,,,,,,,,,,,,,,,,Union EEZ and country,45.876790000000000,-56.385530000000003,12641,12640.7452400000
Paraguay,,Paraguay,2247,PRY,600,Paraguay,2247,PRY,600,,,,,,,,,,,,,,,,,Landlocked country,-23.223360000000000,-58.405670000000001,400752,400752.4479000001
Slovakia,,Slovakia,2189,SVK,703,Slovakia,2189,SVK,703,,,,,,,,,,,,,,,,,Landlocked country,48.707459999999998,19.485070000000000,49038,49037.6432200000
Macedonia,,Macedonia,2232,MKD,807,Macedonia,2232,MKD,807,,,,,,,,,,,,,,,,,Landlocked country,41.600589999999997,21.698750000000000,25437,25437.1978700000
Palestine,48953,Palestine,15525,PSE,275,Palestine,15525,PSE,275,Israel,2123,ISR,376,Israel,2123,ISR,376,,,,,,,,,Union EEZ and country,31.857160000000000,35.056719999999999,7373,7372.7153350000
Cameroon,8475,Cameroon,2170,CMR,120,Cameroon,2170,CMR,120,,,,,,,,,,,,,,,,,Union EEZ and country,5.625330000000000,12.636649999999999,480130,480130.3404000000
Ascension,8379,Ascension,8620,SHN,654,United Kingdom,2208,GBR,826,,,,,,,,,,,,,,,,,Union EEZ and country,-7.947470000000000,-14.363370000000000,446105,446104.7597000000
Bosnia and Herzegovina,22491,Bosnia and Herzegovina,2136,BIH,70,Bosnia and Herzegovina,2136,BIH,70,,,,,,,,,,,,,,,,,Union EEZ and country,44.168950000000002,17.790849999999999,50998,50997.8170300000
Argentina,8466,Argentina,2149,ARG,32,Argentina,2149,ARG,32,,,,,,,,,,,,,,,,,Union EEZ and country,-39.070010000000003,-64.220860000000002,3850468,3850468.2179999999
Belgium,3293,Belgium,14,BEL,56,Belgium,14,BEL,56,,,,,,,,,,,,,,,,,Union EEZ and country,50.727029999999999,4.457320000000000,34122,34122.1657000000
Azores,8361,Azores,2454,,,Portugal,2243,PRT,620,,,,,,,,,,,,,,,,,Union EEZ and country,38.475070000000002,-27.974340000000002,962788,962788.3495000000
Overlapping claim: Iraq / Iran,64460,Iraq,2125,IRQ,368,Iraq,2125,IRQ,368,Iran,2126,IRN,364,Iran,2126,IRN,364,,,,,,,,,Overlapping claim,29.872350000000001,48.692549999999997,28,27.7017211600
Turkmenistan,26523,Turkmenistan,2212,TKM,795,Turkmenistan,2212,TKM,795,,,,,,,,,,,,,,,,,Union EEZ and country,39.205959999999997,58.459000000000003,550026,550026.2555000000
Kerguélen,8387,Kerguélen,8630,ATF,260,France,17,FRA,250,,,,,,,,,,,,,,,,,Union EEZ and country,-48.883530000000000,68.981369999999998,558170,558169.7229000002
Bulgaria,5672,Bulgaria,2174,BGR,100,Bulgaria,2174,BGR,100,,,,,,,,,,,,,,,,,Union EEZ and country,42.799650000000000,26.183219999999999,145698,145697.6030000000
Curaçao,26517,Curaçao,19143,CUW,531,Netherlands,15,NLD,528,,,,,,,,,,,,,,,,,Union EEZ and country,13.146110000000000,-68.971760000000003,25838,25838.3905000000
Poland,5687,Poland,2244,POL,616,Poland,2244,POL,616,,,,,,,,,,,,,,,,,Union EEZ and country,52.388210000000001,19.199020000000001,342427,342427.1866000000
Mexico,8429,Mexico,2224,MEX,484,Mexico,2224,MEX,484,,,,,,,,,,,,,,,,,Union EEZ and country,22.349850000000000,-104.263980000000004,5138717,5138716.7240000004
Jersey,21789,Jersey,4378,JEY,832,United Kingdom,2208,GBR,826,,,,,,,,,,,,,,,,,Union EEZ and country,49.130899999999997,-2.190200000000000,2457,2456.8173840000
Niue,8447,Niue,8673,NIU,570,New Zealand,2227,NZL,554,,,,,,,,,,,,,,,,,Union EEZ and country,-19.522760000000002,-169.331819999999993,318407,318407.1764000000
British Virgin Islands,8411,British Virgin Islands,8653,VGB,92,United Kingdom,2208,GBR,826,,,,,,,,,,,,,,,,,Union EEZ and country,20.386070000000000,-64.504999999999995,81722,81722.1321400000
Mali,,Mali,2228,MLI,466,Mali,2228,MLI,466,,,,,,,,,,,,,,,,,Landlocked country,17.360749999999999,-3.522420000000000,1252545,1252545.0789999999
Libya,8372,Libya,2194,LBY,434,Libya,2194,LBY,434,,,,,,,,,,,,,,,,,Union EEZ and country,28.202559999999998,18.087070000000001,1973738,1973738.1660000000
Thailand,8332,Thailand,2207,THA,764,Thailand,2207,THA,764,,,,,,,,,,,,,,,,,Union EEZ and country,12.967599999999999,100.512000000000000,812463,812462.5612000000
Fiji,8325,Fiji,2108,FJI,242,Fiji,2108,FJI,242,,,,,,,,,,,,,,,,,Union EEZ and country,-17.947240000000001,94.273520000000005,1315158,1315157.7700000000
Niger,,Niger,2254,NER,562,Niger,2254,NER,562,,,,,,,,,,,,,,,,,Landlocked country,17.415240000000001,9.400850000000000,1181113,1181112.9739999999
Joint regime area: Costa Rica / Ecuador (Galapagos),48968,Costa Rica,2162,CRI,188,Costa Rica,2162,CRI,188,Galapagos,5660,,,Ecuador,2166,ECU,218,,,,,,,,,Joint regime (EEZ),3.226410000000000,-88.841319999999996,17337,17337.2422100000
Lesotho,,Lesotho,2107,LSO,426,Lesotho,2107,LSO,426,,,,,,,,,,,,,,,,,Landlocked country,-29.583950000000002,28.246120000000001,30562,30561.6553900000
French Polynesia,8440,French Polynesia,8656,PYF,258,France,17,FRA,250,,,,,,,,,,,,,,,,,Union EEZ and country,-18.732370000000000,-144.004520000000014,4774878,4774877.6200000001
Liberia,8391,Liberia,2105,LBR,430,Liberia,2105,LBR,430,,,,,,,,,,,,,,,,,Union EEZ and country,4.534290000000000,-9.937440000000000,347612,347612.3157000000
Dominica,8417,Dominica,8648,DMA,212,Dominica,8648,DMA,212,,,,,,,,,,,,,,,,,Union EEZ and country,15.495770000000000,-60.737319999999997,29307,29307.4522700000
Mozambique,8347,Mozambique,2220,MOZ,508,Mozambique,2220,MOZ,508,,,,,,,,,,,,,,,,,Union EEZ and country,-18.575679999999998,36.570830000000001,1352537,1352536.7370000000
Ethiopia,,Ethiopia,2109,ETH,231,Ethiopia,2109,ETH,231,,,,,,,,,,,,,,,,,Landlocked country,8.631950000000000,39.635140000000000,1129077,1129076.6950000001
Uganda,,Uganda,2209,UGA,800,Uganda,2209,UGA,800,,,,,,,,,,,,,,,,,Landlocked country,1.279180000000000,32.389969999999998,241519,241519.1780000000
Bouvet,,Bouvet,8634,BVT,74,Norway,2252,NOR,578,,,,,,,,,,,,,,,,,Union EEZ and country,-54.421840000000003,3.358370000000000,51,50.7195548700
Joint regime area: Sweden / Norway,48977,Norway,2252,NOR,578,Norway,2252,NOR,578,Sweden,2180,SWE,752,Sweden,2180,SWE,752,,,,,,,,,Joint regime (EEZ),58.809980000000003,10.500950000000000,140,140.2085364000
Matthew and Hunter Islands,48948,Matthew and Hunter Islands,49593,,,France,17,FRA,250,Matthew and Hunter Islands,49593,,,Vanuatu,2202,VUT,548,,,,,,,,,Overlapping claim,-23.279100000000000,172.036550000000005,187186,187185.5177000000
Palmyra Atoll,8443,Palmyra Atoll,8669,UMI,581,United States,2204,USA,840,,,,,,,,,,,,,,,,,Union EEZ and country,6.687930000000000,-162.898789999999991,353676,353675.8936000000
Denmark,5674,Denmark,2157,DNK,208,Denmark,2157,DNK,208,,,,,,,,,,,,,,,,,Union EEZ and country,56.093809999999998,9.450469999999999,147744,147744.0325000000
Réunion,8338,Réunion,8609,REU,638,France,17,FRA,250,,,,,,,,,,,,,,,,,Union EEZ and country,-21.776859999999999,54.719729999999998,317665,317665.1825000000
Croatia,5673,Croatia,2160,HRV,191,Croatia,2160,HRV,191,,,,,,,,,,,,,,,,,Union EEZ and country,44.257500000000000,16.036280000000001,112170,112170.1033000000
Oman,8354,Oman,2251,OMN,512,Oman,2251,OMN,512,,,,,,,,,,,,,,,,,Union EEZ and country,19.540410000000001,57.751399999999997,864661,864660.6732000000
Canada,8493,Canada,2169,CAN,124,Canada,2169,CAN,124,,,,,,,,,,,,,,,,,Union EEZ and country,64.509079999999997,-94.657139999999998,15700139,15700139.0800000001
Saint Helena,8380,Saint Helena,8619,SHN,654,United Kingdom,2208,GBR,826,,,,,,,,,,,,,,,,,Union EEZ and country,-15.972780000000000,-5.708690000000000,449352,449352.0558000000
Suriname,8461,Suriname,2182,SUR,740,Suriname,2182,SUR,740,,,,,,,,,,,,,,,,,Union EEZ and country,5.801940000000000,-55.358570000000000,278589,278588.9878000000
Jarvis Island,8442,Jarvis Island,8668,UMI,581,United States,2204,USA,840,,,,,,,,,,,,,,,,,Union EEZ and country,-0.913980000000000,-160.468379999999996,323193,323192.6875000000
Pakistan,8359,Pakistan,2250,PAK,586,Pakistan,2250,PAK,586,,,,,,,,,,,,,,,,,Union EEZ and country,28.707239999999999,68.465580000000003,1096404,1096403.6029999999
Guinea,8472,Guinea,2122,GIN,324,Guinea,2122,GIN,324,,,,,,,,,,,,,,,,,Union EEZ and country,10.070140000000000,-12.308610000000000,346871,346871.3948000000
Saudi Arabia,8356,Saudi Arabia,2215,SAU,682,Saudi Arabia,2215,SAU,682,,,,,,,,,,,,,,,,,Union EEZ and country,23.948149999999998,44.131360000000001,2149313,2149313.3610000000
Venezuela,8433,Venezuela,2201,VEN,862,Venezuela,2201,VEN,862,,,,,,,,,,,,,,,,,Union EEZ and country,9.084030000000000,-66.069310000000002,1383023,1383023.2109999999
Georgia,5678,Georgia,2102,GEO,268,Georgia,2102,GEO,268,,,,,,,,,,,,,,,,,Union EEZ and country,42.246749999999999,42.774459999999998,92515,92515.4353500000
Jan Mayen,8437,Jan Mayen,5343,SJM,744,Norway,2252,NOR,578,,,,,,,,,,,,,,,,,Union EEZ and country,71.114080000000001,-5.255390000000000,293291,293290.5763000000
Sint-Maarten,21803,Sint-Maarten,21802,SXM,534,Netherlands,15,NLD,528,,,,,,,,,,,,,,,,,Union EEZ and country,17.945830000000001,-63.118279999999999,505,504.6385051000
Cuba,8406,Cuba,8637,CUB,192,Cuba,8637,CUB,192,,,,,,,,,,,,,,,,,Union EEZ and country,21.606079999999999,-80.932450000000003,462964,462964.0389000000
Vanuatu,8313,Vanuatu,2202,VUT,548,Vanuatu,2202,VUT,548,,,,,,,,,,,,,,,,,Union EEZ and country,-16.578029999999998,168.541320000000013,638186,638186.3255000000
Switzerland,,Switzerland,2179,CHE,756,Switzerland,2179,CHE,756,,,,,,,,,,,,,,,,,Landlocked country,46.800480000000000,8.229939999999999,41270,41270.4773400000
Qatar,8468,Qatar,2242,QAT,634,Qatar,2242,QAT,634,,,,,,,,,,,,,,,,,Union EEZ and country,25.706900000000001,51.695410000000003,42976,42976.4411800000
Eritrea,8351,Eritrea,2111,ERI,232,Eritrea,2111,ERI,232,,,,,,,,,,,,,,,,,Union EEZ and country,15.554679999999999,39.529460000000000,199286,199286.1331000000
Amsterdam and Saint Paul Islands,8386,Amsterdam and Saint Paul Islands,48979,ATF,260,France,17,FRA,250,,,,,,,,,,,,,,,,,Union EEZ and country,-38.294269999999997,77.541809999999998,512252,512251.8623000000
Sweden,5694,Sweden,2180,SWE,752,Sweden,2180,SWE,752,,,,,,,,,,,,,,,,,Union EEZ and country,61.988909999999997,17.079570000000000,605472,605471.9110000000
Chile,8465,Chile,2165,CHL,152,Chile,2165,CHL,152,,,,,,,,,,,,,,,,,Union EEZ and country,-40.318809999999999,-74.670689999999993,3244212,3244211.6979999999
Hawaii,8453,Hawaii,8679,,,United States,2204,USA,840,,,,,,,,,,,,,,,,,Union EEZ and country,24.016259999999999,-151.092160000000007,2491444,2491444.4279999998
China,8486,China,8603,CHN,156,China,8603,CHN,156,,,,,,,,,,,,,,,,,Union EEZ and country,35.804879999999997,105.066019999999995,10340834,10340834.1199999992
Equatorial Guinea,8398,Equatorial Guinea,2112,GNQ,226,Equatorial Guinea,2112,GNQ,226,,,,,,,,,,,,,,,,,Union EEZ and country,-1.122760000000000,5.833640000000000,330928,330928.1973000000
Greece,5679,Greece,2099,GRC,300,Greece,2099,GRC,300,,,,,,,,,,,,,,,,,Union EEZ and country,37.066719999999997,23.723279999999999,615356,615356.1361999999
Zambia,,Zambia,2197,ZMB,894,Zambia,2197,ZMB,894,,,,,,,,,,,,,,,,,Landlocked country,-13.456920000000000,27.794350000000001,751192,751191.6791000000
Trinidade,8381,Trindade,8622,,,Brazil,2143,BRA,76,,,,,,,,,,,,,,,,,Union EEZ and country,-20.502770000000002,-29.096440000000001,472493,472492.5991000000
Madagascar,8348,Madagascar,7963,MDG,450,Madagascar,7963,MDG,450,,,,,,,,,,,,,,,,,Union EEZ and country,-20.408980000000000,47.072629999999997,1786627,1786627.1459999999
Seychelles,8337,Seychelles,2192,SYC,690,Seychelles,2192,SYC,690,,,,,,,,,,,,,,,,,Union EEZ and country,-6.547860000000000,52.468460000000000,1342014,1342014.3319999999
Australia,8323,Australia,2147,AUS,36,Australia,2147,AUS,36,,,,,,,,,,,,,,,,,Union EEZ and country,-26.509860000000000,136.207930000000005,14559566,14559566.3100000005
Aruba,26519,Aruba,8652,ABW,533,Netherlands,15,NLD,528,,,,,,,,,,,,,,,,,Union EEZ and country,13.733980000000001,-69.675190000000001,30197,30196.5565000000
Tonga,8448,Tonga,8674,TON,776,Tonga,8674,TON,776,,,,,,,,,,,,,,,,,Union EEZ and country,-20.221340000000001,-174.765929999999997,666812,666812.0242000000
Saba,26518,Saba,19095,BES,535,Netherlands,15,NLD,528,,,,,,,,,,,,,,,,,Union EEZ and country,17.377770000000002,-63.601300000000002,9502,9501.5739070000
Cambodia,8331,Cambodia,2171,KHM,116,Cambodia,2171,KHM,116,,,,,,,,,,,,,,,,,Union EEZ and country,12.189150000000000,104.417439999999999,230091,230091.0526000000
Netherlands,5668,Netherlands,15,NLD,528,Netherlands,15,NLD,528,,,,,,,,,,,,,,,,,Union EEZ and country,53.140819999999998,4.681780000000000,99460,99460.4893300000
Barbados,8418,Barbados,8649,BRB,52,Barbados,8649,BRB,52,,,,,,,,,,,,,,,,,Union EEZ and country,13.322530000000000,-57.997219999999999,185441,185441.1234000000
Micronesia,8316,Micronesia,8595,FSM,583,Micronesia,8595,FSM,583,,,,,,,,,,,,,,,,,Union EEZ and country,6.768900000000000,150.323440000000005,3009868,3009867.6450000000
San Marino,,San Marino,21446,SMR,674,San Marino,21446,SMR,674,,,,,,,,,,,,,,,,,Landlocked country,43.938690000000001,12.462910000000001,58,58.4661660700
Galapagos,8403,Galapagos,5660,,,Ecuador,2166,ECU,218,,,,,,,,,,,,,,,,,Union EEZ and country,-0.046630000000000,-90.832380000000001,849473,849472.6397000002
Easter Island,21787,Easter Island,15120,,,Chile,2165,CHL,152,,,,,,,,,,,,,,,,,Union EEZ and country,-26.824069999999999,-107.439130000000006,729932,729932.3374000000
Mauritania,8369,Mauritania,2236,MRT,478,Mauritania,2236,MRT,478,,,,,,,,,,,,,,,,,Union EEZ and country,19.983149999999998,-11.402010000000001,1212055,1212054.7970000000
Benin,8393,Benin,2139,BEN,204,Benin,2139,BEN,204,,,,,,,,,,,,,,,,,Union EEZ and country,8.532069999999999,2.356130000000000,150707,150707.2389000000
Bermuda,8402,Bermuda,8636,BMU,60,United Kingdom,2208,GBR,826,,,,,,,,,,,,,,,,,Union EEZ and country,32.368980000000001,-64.806920000000005,464453,464453.0750000000
Canary Islands,8364,Canary Islands,3743,,,Spain,2185,ESP,724,,,,,,,,,,,,,,,,,Union EEZ and country,28.366740000000000,-17.581710000000001,453419,453419.4586000000
Saint Lucia,8416,Saint Lucia,8647,LCA,662,Saint Lucia,8647,LCA,662,,,,,,,,,,,,,,,,,Union EEZ and country,13.878489999999999,-61.098340000000000,16027,16027.4685200000
Philippines,8322,Philippines,2245,PHL,608,Philippines,2245,PHL,608,,,,,,,,,,,,,,,,,Union EEZ and country,12.198160000000000,122.255369999999999,2260601,2260600.7590000001
Papua New Guinea,8324,Papua New Guinea,2237,PNG,598,Papua New Guinea,2237,PNG,598,,,,,,,,,,,,,,,,,Union EEZ and country,-5.620590000000000,149.839439999999996,2861551,2861551.0970000001
Overlapping claim: Colombia / Dominican Republic / Venezuela,48971,Colombia,2175,COL,170,Colombia,2175,COL,170,Dominican Republic,8640,DOM,214,Dominican Republic,8640,DOM,214,Venezuela,2201,VEN,862,Venezuela,2201,VEN,862,Overlapping claim,15.053340000000000,-71.090149999999994,869,868.7042550000
Norfolk Island,8310,Norfolk Island,8591,NFK,574,Australia,2147,AUS,36,,,,,,,,,,,,,,,,,Union EEZ and country,-29.093129999999999,167.928989999999999,430640,430640.4739000000
India,8480,India,2128,IND,356,India,2128,IND,356,,,,,,,,,,,,,,,,,Union EEZ and country,20.137100000000000,78.416709999999995,4804679,4804678.6480000000
Democratic Republic of the Congo,8477,Democratic Republic of the Congo,2198,COD,180,Democratic Republic of the Congo,2198,COD,180,,,,,,,,,,,,,,,,,Union EEZ and country,-2.896520000000000,23.580200000000001,2342345,2342345.4870000002
Zimbabwe,,Zimbabwe,2234,ZWE,716,Zimbabwe,2234,ZWE,716,,,,,,,,,,,,,,,,,Landlocked country,-19.000109999999999,29.872129999999999,390690,390689.6313000000
Serbia,,Serbia,21449,SRB,688,Serbia,21449,SRB,688,,,,,,,,,,,,,,,,,Landlocked country,44.031680000000001,20.806930000000001,88333,88332.9022100000
American Samoa,8444,American Samoa,8670,ASM,16,United States,2204,USA,840,,,,,,,,,,,,,,,,,Union EEZ and country,-13.855029999999999,-169.064140000000009,406038,406038.4238000000
Ukraine,5695,Ukraine,2196,UKR,804,Ukraine,2196,UKR,804,Ukraine,2240,UKR,804,Russia,2240,RUS,643,,,,,,,,,Union EEZ and country,48.307200000000002,31.786500000000000,734668,734668.3492000002
New Caledonia,8312,New Caledonia,2261,NCL,540,France,17,FRA,250,,,,,,,,,,,,,,,,,Union EEZ and country,-21.021860000000000,163.245679999999993,1198283,1198282.7940000000
Guadeloupe,33177,Guadeloupe,8654,GLP,312,France,17,FRA,250,,,,,,,,,,,,,,,,,Union EEZ and country,16.788110000000000,-59.880470000000003,92355,92355.1888800000
Solomon Islands,8314,Solomon Islands,8593,SLB,90,Solomon Islands,8593,SLB,90,,,,,,,,,,,,,,,,,Union EEZ and country,-10.024570000000001,163.613859999999988,1631261,1631260.5300000000
Nauru,8317,Nauru,8596,NRU,520,Nauru,8596,NRU,520,,,,,,,,,,,,,,,,,Union EEZ and country,-0.591130000000000,166.124020000000002,309283,309282.8981000000
Bolivia,,Bolivia,2137,BOL,68,Bolivia,2137,BOL,68,,,,,,,,,,,,,,,,,Landlocked country,-16.710039999999999,-64.664320000000004,1082641,1082640.8559999999
Austria,,Austria,2146,AUT,40,Austria,2146,AUT,40,,,,,,,,,,,,,,,,,Landlocked country,47.587150000000001,14.141560000000000,83989,83989.0300800000
Kyrgyzstan,,Kyrgyzstan,2117,KGZ,417,Kyrgyzstan,2117,KGZ,417,,,,,,,,,,,,,,,,,Landlocked country,41.464149999999997,74.554509999999993,199638,199637.6734000000
Spain,5693,Spain,2185,ESP,724,Spain,2185,ESP,724,,,,,,,,,,,,,,,,,Union EEZ and country,41.099130000000002,-3.847110000000000,1060248,1060247.9850000001
Syria,8373,Syria,3384,SYR,760,Syria,3384,SYR,760,,,,,,,,,,,,,,,,,Union EEZ and country,35.033140000000003,38.340890000000002,197868,197867.8245000000
Johnston Atoll,8452,Johnston Atoll,8678,UMI,581,United States,2204,USA,840,,,,,,,,,,,,,,,,,Union EEZ and country,16.751090000000001,-169.506120000000010,442448,442448.3936000000
Andaman and Nicobar,8333,Andaman and Nicobar,8605,,,India,2128,IND,356,,,,,,,,,,,,,,,,,Union EEZ and country,9.991239999999999,92.198380000000000,671991,671991.0163000000
Tuvalu,8326,Tuvalu,2210,TUV,798,Tuvalu,2210,TUV,798,,,,,,,,,,,,,,,,,Union EEZ and country,-7.812530000000000,74.293589999999995,753175,753174.5746000002
Navassa Island,48951,Navassa Island,20312,,,Haiti,8639,HTI,332,Navassa Island,20312,,,United States,2204,USA,840,,20312,,,,8682,,388,Overlapping claim,18.338170000000002,-75.183660000000003,13895,13895.4657800000
Joint regime area: Croatia / Slovenia,50167,Croatia,2160,HRV,191,Croatia,2160,HRV,191,Slovenia,2188,SVN,705,Slovenia,2188,SVN,705,,,,,,,,,Joint regime (EEZ),45.497700000000002,13.309329999999999,98,98.3189342300
Svalbard,33181,Svalbard,5334,SJM,744,Norway,2252,NOR,578,,,,,,,,,,,,,,,,,Union EEZ and country,78.726309999999998,18.321040000000000,857625,857624.7462000002
Gilbert Islands,8488,Gilbert Islands,17597,KIR,296,Kiribati,2116,KIR,296,,,,,,,,,,,,,,,,,Union EEZ and country,-0.258940000000000,172.782569999999993,1053609,1053608.6010000000
Sapodilla Cayes,64431,Belize,8681,BLZ,,Belize,8681,BLZ,84,Honduras,2103,HND,,Honduras,2103,HND,340,,,,,,,,,Overlapping claim,16.123159999999999,-88.212900000000005,1450,1449.9506400000
Nepal,,Nepal,2246,NPL,524,Nepal,2246,NPL,524,,,,,,,,,,,,,,,,,Landlocked country,28.259499999999999,83.943939999999998,147297,147296.9028000000
Chad,,Chad,2155,TCD,148,Chad,2155,TCD,148,,,,,,,,,,,,,,,,,Landlocked country,15.375380000000000,18.668060000000001,1270767,1270766.5780000000
Guyana,8460,Guyana,2124,GUY,328,Guyana,2124,GUY,328,,,,,,,,,,,,,,,,,Union EEZ and country,6.290250000000000,-58.451090000000001,345516,345516.2790000000
Egypt,8490,Egypt,3868,EGY,818,Egypt,3868,EGY,818,,,,,,,,,,,,,,,,,Union EEZ and country,27.357520000000001,30.063359999999999,1226673,1226673.0989999999
Sierra Leone,8390,Sierra Leone,2191,SLE,694,Sierra Leone,2191,SLE,694,,,,,,,,,,,,,,,,,Union EEZ and country,7.234940000000000,-13.410980000000000,232908,232907.7396000000
Grenada,8419,Grenada,8650,GRD,308,Grenada,8650,GRD,308,,,,,,,,,,,,,,,,,Union EEZ and country,12.242620000000001,-62.053280000000001,25929,25929.4426800000
Overlapping claim Liancourt Rocks: Japan / South Korea,48955,Liancourt Rocks,48935,,,Japan,2121,JPN,392,Liancourt Rocks,48935,,,South Korea,8600,KOR,410,,,,,,,,,Overlapping claim,37.242330000000003,131.866330000000005,1624,1623.6284600000
Finland,5676,Finland,2106,FIN,246,Finland,2106,FIN,246,,,,,,,,,,,,,,,,,Union EEZ and country,63.979039999999998,25.441140000000001,420076,420076.1537000000
Burkina Faso,,Burkina Faso,2173,BFA,854,Burkina Faso,2173,BFA,854,,,,,,,,,,,,,,,,,Landlocked country,12.286540000000000,-1.741350000000000,273981,273981.2237000000
Mongolia,,Mongolia,17584,MNG,496,Mongolia,17584,MNG,496,,,,,,,,,,,,,,,,,Landlocked country,46.836300000000001,103.070920000000001,1564954,1564953.6880000001
Haiti,8408,Haiti,8639,HTI,332,Haiti,8639,HTI,332,,,,,,,,,,,,,,,,,Union EEZ and country,18.125440000000001,-73.369190000000003,130503,130502.8419000000
Republic of Mauritius,8343,Republic of Mauritius,8614,MUS,480,Republic of Mauritius,8614,MUS,480,,,,,,,,,,,,,,,,,Union EEZ and country,-16.816579999999998,60.113379999999999,1280969,1280968.8400000001
Albania,5670,Albania,2153,ALB,8,Albania,2153,ALB,8,,,,,,,,,,,,,,,,,Union EEZ and country,41.075940000000003,19.782730000000001,40954,40953.5448300000
Norway,5686,Norway,2252,NOR,578,Norway,2252,NOR,578,,,,,,,,,,,,,,,,,Union EEZ and country,67.318039999999996,14.016819999999999,1256755,1256754.9730000000
Turkey,5697,Turkey,2213,TUR,792,Turkey,2213,TUR,792,,,,,,,,,,,,,,,,,Union EEZ and country,39.434649999999998,34.672660000000000,1042327,1042327.0310000000
Guernsey,21788,Guernsey,4377,GGY,831,United Kingdom,2208,GBR,826,,,,,,,,,,,,,,,,,Union EEZ and country,49.580680000000001,-2.496070000000000,3769,3768.5323980000
Line Group,8441,Line Group,8657,KIR,296,Kiribati,2116,KIR,296,,,,,,,,,,,,,,,,,Union EEZ and country,-3.819740000000000,-154.727249999999998,1641797,1641797.4939999999
Portugal,5688,Portugal,2243,PRT,620,Portugal,2243,PRT,620,,,,,,,,,,,,,,,,,Union EEZ and country,38.623230000000000,-10.263640000000001,404204,404204.1673000000
Christmas Island,8309,Christmas Island,8590,CXR,162,Australia,2147,AUS,36,,,,,,,,,,,,,,,,,Union EEZ and country,-11.243259999999999,105.365340000000003,328134,328133.6411000000
Samoa,8445,Samoa,8671,WSM,882,Samoa,8671,WSM,882,,,,,,,,,,,,,,,,,Union EEZ and country,-13.306469999999999,-172.741250000000008,133334,133333.9137000000
Trinidad and Tobago,8420,Trinidad and Tobago,2186,TTO,780,Trinidad and Tobago,2186,TTO,780,,,,,,,,,,,,,,,,,Union EEZ and country,10.927379999999999,-60.065080000000002,81719,81719.3234500000
Cayman Islands,8407,Cayman Islands,8638,CYM,136,United Kingdom,2208,GBR,826,,,,,,,,,,,,,,,,,Union EEZ and country,19.154070000000001,-81.138549999999995,118567,118567.3013000000
Vatican City,,Vatican City,21447,VAT,336,Vatican City,21447,VAT,336,,,,,,,,,,,,,,,,,Landlocked country,41.903179999999999,12.453279999999999,1,0.5662056940
United Kingdom,5696,United Kingdom,2208,GBR,826,United Kingdom,2208,GBR,826,,,,,,,,,,,,,,,,,Union EEZ and country,56.161879999999996,-3.955690000000000,972473,972473.4921000000
Laos,,Laos,17551,LAO,418,Laos,17551,LAO,418,,,,,,,,,,,,,,,,,Landlocked country,18.498360000000002,103.769580000000005,229725,229724.7134000000
Moldova,,Moldova,2223,MDA,498,Moldova,2223,MDA,498,,,,,,,,,,,,,,,,,Landlocked country,47.202779999999997,28.464800000000000,33856,33855.6426000000
Bhutan,,Bhutan,2138,BTN,64,Bhutan,2138,BTN,64,,,,,,,,,,,,,,,,,Landlocked country,27.421170000000000,90.420159999999996,40035,40035.1399100000
South Sudan,,South Sudan,31475,SSD,728,South Sudan,31475,SSD,728,,,,,,,,,,,,,,,,,Landlocked country,7.279550000000000,30.349329999999998,632552,632552.3626000000
Joint regime area Torres Strait Treaty: Papua New Guinea / Australia,21798,Papua New Guinea,2237,PNG,598,Papua New Guinea,2237,PNG,598,Australia,2147,AUS,36,Australia,2147,AUS,36,,,,,,,,,Joint regime (EEZ),-9.539650000000000,142.408819999999992,2621,2620.8505910000
Joint regime area: Dominican Republic / Colombia,48970,Dominican Republic,8640,DOM,214,Dominican Republic,8640,DOM,214,Colombia,2175,COL,170,Colombia,2175,COL,170,,,,,,,,,Joint regime (EEZ),15.018509999999999,-72.503860000000003,13111,13110.7034400000
East Timor,8758,East Timor,8757,TLS,626,East Timor,8757,TLS,626,,,,,,,,,,,,,,,,,Union EEZ and country,-9.626659999999999,126.712710000000001,89660,89659.7837700000
Joint regime area: United Kingdom / Denmark (Faeroe Islands),48967,United Kingdom,2208,GBR,826,United Kingdom,2208,GBR,826,Faeroe,3297,FRO,234,Denmark,2157,DNK,208,,,,,,,,,Joint regime (EEZ),60.036090000000002,-7.518580000000000,8011,8010.5857750000
Nigeria,8474,Nigeria,2253,NGA,566,Nigeria,2253,NGA,566,,,,,,,,,,,,,,,,,Union EEZ and country,8.700419999999999,7.568840000000000,1087016,1087016.4269999999
Wake Island,8319,Wake Island / Enenkio,8597,UMI,581,United States,2204,USA,840,Wake Island / Enenkio,8597,UMI,,Marshall Islands,2226,MHL,584,,,,,,,,,Union EEZ and country,19.503260000000001,166.530460000000005,406978,406978.1513000001
Overlapping claim: Canada / United States,48943,Canada,2169,CAN,124,Canada,2169,CAN,124,United States,2204,USA,840,United States,2204,USA,840,,,,,,,,,Overlapping claim,72.033950000000004,-139.852000000000004,24772,24772.3106800000
Vietnam,8484,Vietnam,2200,VNM,704,Vietnam,2200,VNM,704,,,,,,,,,,,,,,,,,Union EEZ and country,13.164529999999999,107.996930000000006,1079094,1079093.7600000000
Sint-Eustatius,26526,Sint-Eustatius,26525,BES,535,Netherlands,15,NLD,528,,,,,,,,,,,,,,,,,Union EEZ and country,17.340520000000001,-63.128239999999998,2199,2199.0993950000
Western Sahara,8368,Western Sahara,8617,ESH,732,Western Sahara,8617,ESH,732,Western Sahara,8617,ESH,732,Morocco,2221,MAR,504,,,,,,,,,Overlapping claim,23.985759999999999,-15.464740000000001,553988,553988.0766000000
Colombian Exclusive Economic Zone (Quitasueño Bank),62598,Quitasueño Bank,5765,,,Colombia,2175,COL,170,,,,,,,,,,,,,,,,,Union EEZ and country,14.303780000000000,-81.161490000000001,4009,4008.8656820000
Taiwan,8321,Taiwan,2177,TWN,158,Taiwan,2177,TWN,158,Taiwan,2177,TWN,156,China,8603,CHN,158,,,,,,,,,Union EEZ and country,21.638750000000002,118.925790000000006,391613,391613.4811000000
Italy,5682,Italy,2133,ITA,380,Italy,2133,ITA,380,,,,,,,,,,,,,,,,,Union EEZ and country,40.814100000000003,12.615050000000000,837225,837224.5569000000
Peru,8432,Peru,2257,PER,604,Peru,2257,PER,604,,,,,,,,,,,,,,,,,Union EEZ and country,-10.264930000000000,-76.169290000000004,2146766,2146765.7790000001
Joint regime area: Jamaica / Colombia,21792,Jamaica,8682,JAM,388,Jamaica,8682,JAM,388,Colombia,2175,COL,170,Colombia,2175,COL,170,,,,,,,,,Joint regime (EEZ),15.470350000000000,-79.145719999999997,15247,15247.2948500000
Ghana,8400,Ghana,2100,GHA,288,Ghana,2100,GHA,288,,,,,,,,,,,,,,,,,Union EEZ and country,5.798190000000000,-1.034920000000000,466118,466117.5817000000
United Arab Emirates,8360,United Arab Emirates,2206,ARE,784,United Arab Emirates,2206,ARE,784,,,,,,,,,,,,,,,,,Union EEZ and country,24.349930000000001,54.145930000000000,122932,122931.7161000000
Montserrat,8415,Montserrat,8646,MSR,500,United Kingdom,2208,GBR,826,,,,,,,,,,,,,,,,,Union EEZ and country,16.417430000000000,-62.479779999999998,7289,7288.8048170000
Falkland Islands,8389,Falkland / Malvinas Islands,8623,FLK,238,United Kingdom,2208,GBR,826,Falkland / Malvinas Islands,8623,FLK,238,Argentina,2149,ARG,32,,,,,,,,,Overlapping claim,-51.668660000000003,-58.345999999999997,562938,562938.2900000000
Indonesia,8492,Indonesia,2127,IDN,360,Indonesia,2127,IDN,360,,,,,,,,,,,,,,,,,Union EEZ and country,-3.051640000000000,117.748289999999997,7906619,7906619.3810000001
North Korea,8328,North Korea,8601,PRK,408,North Korea,8601,PRK,408,,,,,,,,,,,,,,,,,Union EEZ and country,39.990090000000002,128.048499999999990,236799,236798.6621000000
France,5677,France,17,FRA,250,France,17,FRA,250,,,,,,,,,,,,,,,,,Union EEZ and country,46.371450000000003,0.810560000000000,897522,897522.0351000000
Malaysia,8483,Malaysia,2230,MYS,458,Malaysia,2230,MYS,458,,,,,,,,,,,,,,,,,Union EEZ and country,4.631580000000000,109.450410000000005,847078,847078.3438000000
Morocco,8367,Morocco,2221,MAR,504,Morocco,2221,MAR,504,,,,,,,,,,,,,,,,,Union EEZ and country,32.247369999999997,-7.753250000000000,686692,686691.5903000000
Sudan,8355,Sudan,2183,SDN,,Sudan,2183,SDN,729,,,,,,,,,,,,,,,,,Union EEZ and country,16.113420000000001,30.222790000000000,1915609,1915608.6740000001
Bassas da India,8340,Bassas da India,31136,ATF,260,France,17,FRA,250,,,,,,,,,,,,,,,,,Union EEZ and country,-20.861039999999999,39.425390000000000,120802,120802.1517000000
Rwanda,,Réunion,2239,RWA,646,Rwanda,2239,RWA,646,,,,,,,,,,,,,,,,,Landlocked country,-1.999100000000000,29.925670000000000,25315,25315.4520900000
Monaco,21790,Monaco,2222,MCO,492,Monaco,2222,MCO,492,,,,,,,,,,,,,,,,,Union EEZ and country,43.351799999999997,7.586080000000000,291,290.5136861000
Overlapping claim: Malaysia / Singapore,64440,Malaysia,2230,MYS,,Malaysia,2230,MYS,458,Singapore,2190,SGP,,Singapore,2190,SGP,702,,,,,,,,,Overlapping claim,1.407780000000000,104.452389999999994,287,286.6073886000
Grand Duchy of Luxembourg,,Grand Duchy of Luxembourg,2233,LUX,442,Grand Duchy of Luxembourg,2233,LUX,442,,,,,,,,,,,,,,,,,Landlocked country,49.777239999999999,6.092380000000000,2595,2595.4707580000
Tunisia,8366,Tunisia,2214,TUN,788,Tunisia,2214,TUN,788,,,,,,,,,,,,,,,,,Union EEZ and country,34.861260000000001,10.162920000000000,254796,254795.9371000000
Brunei,26521,Brunei,2145,BRN,96,Brunei,2145,BRN,96,,,,,,,,,,,,,,,,,Union EEZ and country,5.879930000000000,113.548190000000005,48854,48853.8761300000
Northern Mariana Islands,48980,Northern Mariana Islands,8598,MNP,580,United States,2204,USA,840,,,,,,,,,,,,,,,,,Union EEZ and country,18.285090000000000,145.739249999999998,764117,764117.3578999999
Antarctica,8489,,,,,,,,,,,,,,,,,,,,,,,,,Union EEZ and country,-80.416770000000000,20.727090000000000,12524451,12524451.0600000005
Prince Edward Islands,8384,Prince Edward Islands,22598,,,South Africa,2176,ZAF,710,,,,,,,,,,,,,,,,,Union EEZ and country,-46.832940000000001,37.808509999999998,475240,475239.5011000000
Tokelau,8449,Tokelau,8675,TKL,772,New Zealand,2227,NZL,554,,,,,,,,,,,,,,,,,Union EEZ and country,-8.632920000000000,-172.084710000000001,320756,320755.7440000000
Armenia,,Armenia,2148,ARM,51,Armenia,2148,ARM,51,,,,,,,,,,,,,,,,,Landlocked country,40.294800000000002,44.939349999999997,29733,29732.9303300000
Madeira,8363,Madeira,4956,,,Portugal,2243,PRT,620,,,,,,,,,,,,,,,,,Union EEZ and country,33.172249999999998,-16.811150000000001,453616,453615.7185000000
Botswana,,Botswana,2164,BWA,72,Botswana,2164,BWA,72,,,,,,,,,,,,,,,,,Landlocked country,-22.187580000000001,23.814879999999999,578166,578166.1666999999
El Salvador,8428,El Salvador,2135,SLV,222,El Salvador,2135,SLV,222,,,,,,,,,,,,,,,,,Union EEZ and country,12.185330000000000,-89.588040000000007,115630,115630.1488000000
Macquarie Island,8311,Macquarie Island,8592,,,Australia,2147,AUS,36,,,,,,,,,,,,,,,,,Union EEZ and country,-54.876230000000000,158.652970000000010,476413,476412.8641000000
Romania,5689,Romania,2241,ROU,642,Romania,2241,ROU,642,,,,,,,,,,,,,,,,,Union EEZ and country,45.666899999999998,25.532800000000002,267908,267907.8796000000
Kuwait,8357,Kuwait,2115,KWT,414,Kuwait,2115,KWT,414,,,,,,,,,,,,,,,,,Union EEZ and country,29.286600000000000,47.997959999999999,28241,28241.4888500000
Gabon,8476,Gabon,2104,GAB,266,Gabon,2104,GAB,266,,,,,,,,,,,,,,,,,Union EEZ and country,-1.671620000000000,10.467710000000000,463413,463413.3578000000
Clipperton Island,8401,Clipperton Island,8635,,,France,17,FRA,250,,,,,,,,,,,,,,,,,Union EEZ and country,10.308690000000000,-109.217280000000002,435659,435659.2121000000
Joint regime area: Uruguay / Argentina,48961,Uruguay,2216,URY,858,Uruguay,2216,URY,858,Argentina,2149,ARG,32,Argentina,2149,ARG,32,,,,,,,,,Joint regime (EEZ),-36.254930000000002,-55.160960000000003,41414,41413.8092000000
Anguilla,8412,Anguilla,8643,AIA,660,United Kingdom,2208,GBR,826,,,,,,,,,,,,,,,,,Union EEZ and country,20.016390000000001,-62.543759999999999,90247,90247.3537800000
Heard and McDonald Islands,8388,Heard and McDonald Islands,8631,HMD,334,Australia,2147,AUS,36,,,,,,,,,,,,,,,,,Union EEZ and country,-53.498280000000001,73.730320000000006,417685,417684.5825000000
Collectivity of Saint Martin,8495,Collectivity of Saint Martin,8688,MAF,663,France,17,FRA,250,,,,,,,,,,,,,,,,,Union EEZ and country,18.036850000000001,-63.195950000000003,1155,1155.0299180000
Colombia,8426,Colombia,2175,COL,170,Colombia,2175,COL,170,,,,,,,,,,,,,,,,,Union EEZ and country,5.735750000000000,-75.020120000000006,1855095,1855095.3550000000
Cyprus,8376,Cyprus,2159,CYP,196,Cyprus,2159,CYP,196,,,,,,,,,,,,,,,,,Union EEZ and country,34.537849999999999,32.686450000000001,107717,107717.1685000000
Guam,48957,Guam,8599,GUM,316,United States,2204,USA,840,,,,,,,,,,,,,,,,,Union EEZ and country,12.930930000000000,144.004649999999998,208784,208784.2053000000
Greenland,8438,Greenland,2260,GRL,304,Denmark,2157,DNK,208,,,,,,,,,,,,,,,,,Union EEZ and country,75.135419999999996,-36.408070000000002,4437543,4437543.2139999997
Isle of Man,64446,Isle of Man,4530,IMN,833,United Kingdom,2208,GBR,826,,,,,,,,,,,,,,,,,Union EEZ and country,54.193190000000001,-4.567870000000000,4541,4540.8936650000
Joint regime area: France / Italy,48976,France,17,FRA,250,France,17,FRA,250,Italy,2133,ITA,380,Italy,2133,ITA,380,,,,,,,,,Joint regime (EEZ),41.307150000000000,9.048859999999999,67,67.0413014400
United States,8456,United States,2204,USA,840,United States,2204,USA,840,,,,,,,,,,,,,,,,,Union EEZ and country,38.456809999999997,-98.387990000000002,10392443,10392443.1099999994
Cocos Islands,8308,Cocos Islands,8589,CCK,166,Australia,2147,AUS,36,,,,,,,,,,,,,,,,,Union EEZ and country,-12.031470000000001,96.854339999999993,467457,467456.8656000000
Ecuador,8431,Ecuador,2166,ECU,218,Ecuador,2166,ECU,218,,,,,,,,,,,,,,,,,Union EEZ and country,-1.217010000000000,-80.247200000000007,484248,484248.1905000000
Ivory Coast,8473,Ivory Coast,2161,CIV,384,Ivory Coast,2161,CIV,384,,,,,,,,,,,,,,,,,Union EEZ and country,6.130450000000000,-5.521250000000000,492520,492520.1653000000
Tromelin Island,48946,Ile Tromelin,8613,,,France,17,FRA,250,Ile Tromelin,8613,,,Madagascar,7963,MDG,450,Ile Tromelin,8613,,,Republic of Mauritius,8614,MUS,480,Overlapping claim,-15.711270000000001,54.673050000000003,274562,274562.3249000000
Republic of the Congo,8394,Republic of the Congo,8633,COG,178,Republic of the Congo,8633,COG,178,,,,,,,,,,,,,,,,,Union EEZ and country,-1.245010000000000,14.804340000000000,376110,376110.1204000000
Jamaica,8459,Jamaica,8682,JAM,388,Jamaica,8682,JAM,388,,,,,,,,,,,,,,,,,Union EEZ and country,16.730149999999998,-77.291690000000003,267912,267911.9523000000
Angola,8478,Angola,2150,AGO,24,Angola,2150,AGO,24,,,,,,,,,,,,,,,,,Union EEZ and country,-12.128150000000000,15.698620000000000,1742906,1742905.7200000000
Guatemala,8430,Guatemala,2097,GTM,320,Guatemala,2097,GTM,320,,,,,,,,,,,,,,,,,Union EEZ and country,14.118720000000000,-91.231430000000003,218932,218931.7525000000
Central African Republic,,Central African Republic,2167,CAF,140,Central African Republic,2167,CAF,140,,,,,,,,,,,,,,,,,Landlocked country,6.576940000000000,20.486409999999999,620253,620252.6857000000
Serrana Bank,62596,Serrana Bank,5770,,,Colombia,2175,COL,170,,,,,,,,,,,,,,,,,Union EEZ and country,14.380970000000000,-80.301779999999994,2842,2842.3276320000
Hala'ib Triangle,26582,Halaib Triangle,64458,,,Sudan,2183,SDN,729,Halaib Triangle,64458,,,Egypt,3868,EGY,818,,,,,,,,,Overlapping claim,22.493359999999999,36.225259999999999,37611,37610.6496300000
Bonaire,26520,Bonaire,15074,BES,535,Netherlands,15,NLD,528,,,,,,,,,,,,,,,,,Union EEZ and country,12.699870000000001,-68.368070000000003,13290,13290.2232200000
Azerbaijan,26524,Azerbaijan,2134,AZE,31,Azerbaijan,2134,AZE,31,,,,,,,,,,,,,,,,,Union EEZ and country,40.290050000000001,48.881110000000000,166590,166590.1638000000
Costa Rica,8424,Costa Rica,2162,CRI,188,Costa Rica,2162,CRI,188,,,,,,,,,,,,,,,,,Union EEZ and country,7.000150000000000,-86.319419999999994,632868,632867.9047000000
Serranilla Bank,48984,Serranilla Bank,5772,,,Colombia,2175,COL,170,,,,,,,,,,,,,,,,,Union EEZ and country,15.797230000000001,-79.855559999999997,1553,1553.3115910000
Howland and Baker islands,8451,Howland and Baker Islands,48684,UMI,581,United States,2204,USA,840,,,,,,,,,,,,,,,,,Union EEZ and country,0.791300000000000,-176.727270000000004,434897,434897.4775000000
Tristan Da Cunha,8382,Tristan da Cunha,8621,SHN,654,United Kingdom,2208,GBR,826,,,,,,,,,,,,,,,,,Union EEZ and country,-38.761800000000001,-11.209920000000000,758353,758352.7671000002
Crozet Islands,8385,Crozet Islands,8627,ATF,260,France,17,FRA,250,,,,,,,,,,,,,,,,,Union EEZ and country,-46.307850000000002,51.212339999999998,575822,575821.6657000000
Malawi,,Malawi,2231,MWI,454,Malawi,2231,MWI,454,,,,,,,,,,,,,,,,,Landlocked country,-13.212960000000001,34.301389999999998,118501,118501.0583000000
Turks and Caicos Islands,8405,Turks and Caicos Islands,2211,TCA,796,United Kingdom,2208,GBR,826,,,,,,,,,,,,,,,,,Union EEZ and country,22.798620000000000,-70.864000000000004,92017,92016.5795700000
Sri Lanka,8346,Sri Lanka,2195,LKA,144,Sri Lanka,2195,LKA,144,,,,,,,,,,,,,,,,,Union EEZ and country,6.664550000000000,81.532929999999993,599363,599363.0095000000
Senegal,8371,Senegal,2225,SEN,686,Senegal,2225,SEN,686,,,,,,,,,,,,,,,,,Union EEZ and country,14.065600000000000,-16.268910000000002,353555,353554.9855000000
Martinique,33178,Martinique,8655,MTQ,474,France,17,FRA,250,,,,,,,,,,,,,,,,,Union EEZ and country,14.967730000000000,-60.219259999999998,48905,48905.0980900000
"Abu musa, Greater and Lesser Tunb",48947,"Abu musa, Greater and Lesser Tunb",64457,,,United Arab Emirates,2206,ARE,784,"Abu musa, Greater and Lesser Tunb",64457,,364,Iran,2126,IRN,364,,,,,,,,,Overlapping claim,26.012950000000000,55.171770000000002,6199,6199.3060120000
Myanmar,8482,Myanmar,2219,MMR,104,Myanmar,2219,MMR,104,,,,,,,,,,,,,,,,,Union EEZ and country,18.560770000000002,95.733410000000006,1165257,1165256.5700000001
Maldives,8345,Maldives,2229,MDV,462,Maldives,2229,MDV,462,,,,,,,,,,,,,,,,,Union EEZ and country,2.463930000000000,73.085499999999996,924131,924130.5300000000
Uzbekistan,,Uzbekistan,2203,UZB,860,Uzbekistan,2203,UZB,860,,,,,,,,,,,,,,,,,Landlocked country,41.760800000000003,63.140470000000001,447321,447320.9324000000
Joint regime area: Iceland / Norway (Jan Mayen),48975,Iceland,2129,ISL,352,Iceland,2129,ISL,352,Jan Mayen,5343,SJM,744,Norway,2252,NOR,578,,,,,,,,,Joint regime (EEZ),69.291669999999996,-8.500000000000000,45532,45531.9128700000
Swaziland,,Swaziland,2181,SWZ,748,Swaziland,2181,SWZ,748,,,,,,,,,,,,,,,,,Landlocked country,-26.565700000000000,31.499549999999999,17367,17367.3870000000
Dominican Republic,8409,Dominican Republic,8640,DOM,214,Dominican Republic,8640,DOM,214,,,,,,,,,,,,,,,,,Union EEZ and country,19.109020000000001,-69.771339999999995,398852,398851.9321000000
Honduras,8427,Honduras,2103,HND,340,Honduras,2103,HND,340,,,,,,,,,,,,,,,,,Union EEZ and country,16.185269999999999,-84.810670000000002,320588,320588.1623000001
Alaska,8463,Alaska,8684,,,United States,2204,USA,840,,,,,,,,,,,,,,,,,Union EEZ and country,60.709159999999997,-130.467800000000011,5193058,5193058.2889999999
Lebanon,8374,Lebanon,2098,LBN,422,Lebanon,2098,LBN,422,,,,,,,,,,,,,,,,,Union EEZ and country,33.941510000000001,35.275460000000002,29064,29064.4219200000
Saint-Barthélemy,48952,Saint-Barthélemy,19099,BLM,652,France,17,FRA,250,,,,,,,,,,,,,,,,,Union EEZ and country,17.932549999999999,-62.628579999999999,4203,4203.4375350000
Puerto Rico,33179,Puerto Rico,8641,PRI,630,United States,2204,USA,840,,,,,,,,,,,,,,,,,Union EEZ and country,17.821480000000001,-66.769369999999995,163631,163631.3489000000
Senkaku Islands,48954,Senkaku Islands,48936,,,Taiwan,2177,TWN,158,Senkaku Islands,48936,,,Japan,2121,JPN,392,Senkaku Islands,48936,,,China,8603,CHN,156,Overlapping claim,26.520740000000000,124.122060000000005,73801,73800.9117300000
Alhucemas Islands,49001,Alhucemas Islands,48995,,,Spain,2185,ESP,724,Alhucemas Islands,48995,,,Morocco,2221,MAR,504,,,,,,,,,Overlapping claim,35.234160000000003,-3.878720000000000,14,14.1006965600
Gibraltar,8365,Gibraltar,3344,GIB,292,United Kingdom,2208,GIB,826,Spain,2185,ESP,724,Spain,2185,ESP,724,,,,,,,,,Overlapping claim,36.089109999999998,-5.221770000000000,395,394.8886291000
Joint regime area: Norway / Russia,64459,Norway,2252,NOR,578,Norway,2252,NOR,578,Russia,2240,RUS,643,Russia,2240,RUS,643,,,,,,,,,Joint regime (EEZ),72.924520000000001,37.464570000000002,3397,3397.1334260000
Saint Kitts and Nevis,8413,Saint Kitts and Nevis,8644,KNA,659,Saint Kitts and Nevis,8644,KNA,659,,,,,,,,,,,,,,,,,Union EEZ and country,16.997920000000001,-62.900179999999999,9769,9768.6317290000
Melilla,49000,Melilla,36288,,,Spain,2185,ESP,724,Melilla,36288,,,Morocco,2221,MAR,504,,,,,,,,,Overlapping claim,35.308050000000001,-2.928260000000000,41,40.7395671500
Bahrain,8358,Bahrain,2154,BHR,48,Bahrain,2154,BHR,48,,,,,,,,,,,,,,,,,Union EEZ and country,26.308940000000000,50.692340000000002,8272,8272.0900410000
Perejil Island,48998,Perejil Island,48994,,,Spain,2185,ESP,724,Perejil Island,48994,,,Morocco,2221,MAR,504,,,,,,,,,Overlapping claim,35.914439999999999,-5.419830000000000,1,0.7857370990
Andorra,,Andorra,2151,AND,20,Andorra,2151,AND,20,,,,,,,,,,,,,,,,,Landlocked country,42.545160000000003,1.575850000000000,468,467.9036281000
Czech Republic,,Czech Republic,2158,CZE,203,Czech Republic,2158,CZE,203,,,,,,,,,,,,,,,,,Landlocked country,49.739260000000002,15.331310000000000,78842,78841.8440800000
Phoenix Group,8450,Phoenix Group,8658,KIR,296,Kiribati,2116,KIR,296,,,,,,,,,,,,,,,,,Union EEZ and country,-3.731820000000000,-172.453939999999989,745823,745823.1723000000
Nicaragua,8425,Nicaragua,2255,NIC,558,Nicaragua,2255,NIC,558,,,,,,,,,,,,,,,,,Union EEZ and country,12.828400000000000,-84.074650000000005,341809,341809.2869000000
Kazakhstan,26522,Kazakhstan,2119,KAZ,398,Kazakhstan,2119,KAZ,398,,,,,,,,,,,,,,,,,Union EEZ and country,48.022869999999998,66.684299999999993,2836836,2836835.6889999998
Guinea-Bissau,8471,Guinea-Bissau,8685,GNB,624,Guinea-Bissau,8685,GNB,624,,,,,,,,,,,,,,,,,Union EEZ and country,10.926480000000000,-16.942270000000001,140612,140611.5600000000
Overlapping claim South China Sea,49003,China,,CHN,156,China,8603,CHN,156,,,,,,,,,,,,,,,,,Overlapping claim,13.141790000000000,114.101759999999999,338839,338839.1232000000
Iran,8469,Iran,2126,IRN,364,Iran,2126,IRN,364,,,,,,,,,,,,,,,,,Union EEZ and country,32.240499999999997,54.254950000000001,1838516,1838516.1359999999
Japan,8487,Japan,2121,JPN,392,Japan,2121,JPN,392,,,,,,,,,,,,,,,,,Union EEZ and country,30.279750000000000,138.403469999999999,4438697,4438697.4510000004
Yemen,8353,Yemen,2199,YEM,887,Yemen,2199,YEM,887,,,,,,,,,,,,,,,,,Union EEZ and country,14.292999999999999,49.981670000000001,980397,980397.2040000000
Slovenia,5692,Slovenia,2188,SVN,705,Slovenia,2188,SVN,705,,,,,,,,,,,,,,,,,Union EEZ and country,46.115519999999997,14.812680000000000,20436,20436.2384900000
Afghanistan,,Afghanistan,2256,AFG,4,Afghanistan,2256,AFG,4,,,,,,,,,,,,,,,,,Landlocked country,33.830779999999997,66.025720000000007,641860,641860.3931000000
Juan de Nova Island,8339,Juan de Nova Island,8610,ATF,260,France,17,FRA,250,,,,,,,,,,,,,,,,,Union EEZ and country,-17.306439999999998,42.094769999999997,62824,62824.0272600000
Tanzania,8479,Tanzania,2205,TZA,834,Tanzania,2205,TZA,834,,,,,,,,,,,,,,,,,Union EEZ and country,-6.458580000000000,36.118850000000002,1182383,1182382.5079999999
Joint regime area: Peru / Ecuador,48962,Peru,2257,PER,604,Peru,2257,PER,604,Ecuador,2166,ECU,218,Ecuador,2166,ECU,218,,,,,,,,,Joint regime (EEZ),-3.388550000000000,-82.532929999999993,16091,16091.2116400000
Pitcairn,8439,Pitcairn,2259,PCN,612,United Kingdom,2208,GBR,826,,,,,,,,,,,,,,,,,Union EEZ and country,-24.606210000000001,-127.421379999999999,842344,842344.1991000000
Germany,5669,Germany,2101,DEU,276,Germany,2101,DEU,276,,,,,,,,,,,,,,,,,Union EEZ and country,51.613050000000001,10.098780000000000,414273,414273.4580000000
Islas San Félix and San Ambrosio,22756,Islas San Félix and San Ambrosio,25135,CHL,152,Chile,2165,CHL,152,,,,,,,,,,,,,,,,,Union EEZ and country,-26.330909999999999,-79.990859999999998,450968,450968.2044000000
Joint regime area: Senegal / Guinea-Bissau,48964,Senegal,2225,SEN,686,Senegal,2225,SEN,686,Guinea-Bissau,8685,GNB,624,Guinea-Bissau,8685,GNB,624,,,,,,,,,Joint regime (EEZ),11.260999999999999,-18.774429999999999,63460,63460.2089500000
Overlapping claim: Egypt / Libya,64430,Egypt,3868,EGY,,Egypt,3868,EGY,818,Libya,2194,LBY,,Libya,2194,LBY,434,,,,,,,,,Overlapping claim,32.812820000000002,25.701630000000002,8114,8113.7297690000
French Guiana,8462,French Guiana,8683,GUF,254,France,17,FRA,250,,,,,,,,,,,,,,,,,Union EEZ and country,5.613010000000000,-52.328919999999997,214504,214504.1101000000
Iraq,8470,Iraq,2125,IRQ,368,Iraq,2125,IRQ,368,,,,,,,,,,,,,,,,,Union EEZ and country,33.038730000000001,43.780050000000003,438532,438531.6527000000
Namibia,8395,Namibia,2218,NAM,516,Namibia,2218,NAM,516,,,,,,,,,,,,,,,,,Union EEZ and country,-22.755669999999999,15.206700000000000,1386405,1386405.3259999999
Belize,8457,Belize,8681,BLZ,84,Belize,8681,BLZ,84,,,,,,,,,,,,,,,,,Union EEZ and country,17.224119999999999,-88.019360000000006,54990,54990.1984200000
South Africa,8396,South Africa,2176,ZAF,710,South Africa,2176,ZAF,710,,,,,,,,,,,,,,,,,Union EEZ and country,-31.160209999999999,24.778620000000000,2292218,2292218.1159999999
Glorioso Islands,48945,Glorioso Islands,8607,,,Madagascar,7963,MDG,450,Glorioso Islands,8607,ATF,260,France,17,FRA,250,,,,,,,,,Overlapping claim,-11.618060000000000,47.097070000000002,43538,43537.6729500000
Europa Island,8341,Europa Island,8612,ATF,260,France,17,FRA,250,,,,,,,,,,,,,,,,,Union EEZ and country,-23.536370000000002,40.109369999999998,127986,127985.5126000000
Joint regime area: United States / Russia,48978,United States,2204,USA,840,United States,2204,USA,840,Russia,2240,RUS,643,Russia,2240,RUS,643,,,,,,,,,Joint regime (EEZ),61.181120000000000,-17.127240000000000,8478,8478.1683100000
Malta,5685,Malta,2217,MLT,470,Malta,2217,MLT,470,,,,,,,,,,,,,,,,,Union EEZ and country,35.317300000000003,15.106830000000000,53247,53247.4101100000
South Georgia and the South Sandwich Islands,8383,South Georgia and the South Sandwich Islands,8624,SGS,239,United Kingdom,2208,GBR,826,South Georgia and the South Sandwich Islands,8624,SGS,239,Argentina,2149,ARG,32,,,,,,,,,Overlapping claim,-56.518670000000000,-31.277419999999999,1241743,1241743.4269999999
Saint Vincent and the Grenadines,8421,Saint Vincent and the Grenadines,8651,VCT,670,Saint Vincent and the Grenadines,8651,VCT,670,,,,,,,,,,,,,,,,,Union EEZ and country,13.158519999999999,-61.689070000000001,36641,36640.7760100000
Overlapping claim: Qatar / Saudi Arabia / United Arab Emirates,50170,Qatar,8468,QAT,634,Qatar,8468,QAT,634,Saudi Arabia,2215,SAU,682,Saudi Arabia,2215,SAU,682,United Arab Emirates,2206,ARE,784,United Arab Emirates,2206,ARE,784,Overlapping claim,24.692430000000002,51.599860000000000,126,125.7368598000
Overlapping claim: Guyana / Trinidad and Tobago / Venezuela,33185,Guyana,2124,GUY,328,Guyana,2124,GUY,328,Trinidad and Tobago,2186,TTO,780,Trinidad and Tobago,2186,TTO,780,Venezuela,2201,VEN,862,Venezuela,2201,VEN,862,Overlapping claim,10.565390000000001,-57.887120000000003,3612,3611.5363640000
Palau,8315,Palau,8594,PLW,585,Palau,8594,PLW,585,,,,,,,,,,,,,,,,,Union EEZ and country,6.444340000000000,133.070510000000013,616993,616992.7204000000
Antigua and Barbuda,8414,Antigua and Barbuda,8645,ATG,28,Antigua and Barbuda,8645,ATG,28,,,,,,,,,,,,,,,,,Union EEZ and country,18.727150000000002,-60.575380000000003,112004,112003.5377000000
Djibouti,8352,Djibouti,2131,DJI,262,Djibouti,2131,DJI,262,,,,,,,,,,,,,,,,,Union EEZ and country,11.800549999999999,42.793199999999999,28895,28895.0963600000
Sao Tome and Principe,8397,Sao Tome and Principe,2238,STP,678,Sao Tome and Principe,2238,STP,678,,,,,,,,,,,,,,,,,Union EEZ and country,0.776490000000000,6.356110000000000,131846,131846.4427000000
United States Virgin Islands,33180,United States Virgin Islands,8642,VIR,850,United States,2204,USA,840,,,,,,,,,,,,,,,,,Union EEZ and country,17.261669999999999,-64.923199999999994,38636,38636.0495400000
Singapore,8485,Singapore,2190,SGP,702,Singapore,2190,SGP,702,,,,,,,,,,,,,,,,,Union EEZ and country,1.313260000000000,103.821929999999995,1377,1377.1566560000
Joint regime area: Spain / France,48966,France,17,FRA,250,France,17,FRA,250,Spain,2185,ESP,724,Spain,2185,ESP,724,,,,,,,,,Joint regime (EEZ),45.254170000000002,-5.333330000000000,2859,2859.4921990000
Cape Verde,8362,Cape Verde,2168,CPV,132,Cape Verde,2168,CPV,132,,,,,,,,,,,,,,,,,Union EEZ and country,16.091170000000002,-24.170660000000002,806027,806027.0355999999
Chagos Archipelago,62589,Chagos Archipelago,8616,,,Republic of Mauritius,8614,MUS,480,,,,,,,,,,,,,,,,,Union EEZ and country,-6.555950000000000,71.993889999999993,647738,647738.2310000000
Algeria,8378,Algeria,2152,DZA,12,Algeria,2152,DZA,12,,,,,,,,,,,,,,,,,Union EEZ and country,28.696120000000001,2.707920000000000,2444284,2444283.5600000001
Joint regime area: Ecuador / Colombia,48974,Ecuador,2166,ECU,218,Ecuador,2166,ECU,218,Colombia,2175,COL,170,Colombia,2175,COL,170,,,,,,,,,Joint regime (EEZ),1.460580000000000,-81.437119999999993,18663,18663.0195500000
Joint regime area: Sao Tome and Principe / Nigeria,21797,Sao Tome and Principe,2238,STP,678,Sao Tome and Principe,2238,STP,678,Nigeria,2253,NGA,566,Nigeria,2253,NGA,566,,,,,,,,,Joint regime (EEZ),2.067600000000000,5.586990000000000,34534,34533.7495500000
Estonia,5675,Estonia,2110,EST,233,Estonia,2110,EST,233,,,,,,,,,,,,,,,,,Union EEZ and country,58.715299999999999,24.408980000000000,81842,81842.1141300000
Togo,8392,Togo,8632,TGO,768,Togo,8632,TGO,768,,,,,,,,,,,,,,,,,Union EEZ and country,7.706020000000000,1.155630000000000,72151,72151.4315000000
Mayotte,48944,Mayotte,8606,MYT,175,France,17,FRA,250,Mayotte,8606,MYT,175,Comores,2163,COM,174,,,,,,,,,Overlapping claim,-13.213770000000000,45.305280000000003,67285,67285.1279300000
Joint regime area: South Korea / Japan,21796,South Korea,8600,KOR,410,South Korea,8600,KOR,410,Japan,2121,JPN,392,Japan,2121,JPN,392,,,,,,,,,Joint regime (EEZ),30.813960000000002,127.578080000000000,82610,82609.9816200000
Gambia,8370,Gambia,2113,GMB,270,Gambia,2113,GMB,270,,,,,,,,,,,,,,,,,Union EEZ and country,13.367990000000001,-17.433499999999999,33723,33723.3694700000
Panama,8423,Panama,2249,PAN,591,Panama,2249,PAN,591,,,,,,,,,,,,,,,,,Union EEZ and country,8.329140000000002,-80.301230000000004,406250,406250.2226000000
Overlapping claim: United States (Puerto Rico) / Dominican Republic,48982,Puerto Rico,8641,PRI,630,United States,2204,USA,840,Dominican Republic,8640,DOM,214,Dominican Republic,8640,DOM,214,,,,,,,,,Overlapping claim,20.894480000000001,-66.841250000000002,18297,18296.8053000000
Joint regime area: Barbados / Guyana,48969,Barbados,8649,BRB,52,Barbados,8649,BRB,52,Guyana,2124,GUY,328,Guyana,2124,GUY,328,,,,,,,,,Joint regime (EEZ),10.680790000000000,-57.132140000000000,67,67.1575387100
Joint regime area: Iceland / Denmark (Faeroe Islands),48973,Faeroe,3297,FRO,234,Denmark,2157,DNK,208,Iceland,2129,ISL,352,Iceland,2129,ISL,352,,,,,,,,,Joint regime (EEZ),63.152979999999999,-10.982040000000000,1234,1233.6884650000
Bajo Nuevo Bank,48985,Bajo Nuevo Bank,48983,,,Colombia,2175,COL,170,,,,,,,,,,,,,,,,,Union EEZ and country,15.850009999999999,-78.633330000000001,1553,1553.2143260000
Ceuta,49002,Ceuta,14864,,,Spain,2185,ESP,724,Ceuta,14864,,,Morocco,2221,MAR,504,,,,,,,,,Overlapping claim,35.878520000000002,-5.319430000000000,53,53.2102783500
Oecusse,21791,Oecusse,26234,,,East Timor,8757,TLS,626,,,,,,,,,,,,,,,,,Union EEZ and country,-9.127230000000001,124.274270000000001,2578,2578.2654250000
Chafarinas Islands,48997,Chafarinas Islands,5363,,,Spain,2185,ESP,724,Chafarinas Islands,5363,,,Morocco,2221,MAR,504,,,,,,,,,Overlapping claim,35.170130000000000,-2.453080000000000,26,26.1162778500
Liechtenstein,,Liechtenstein,2235,LIE,438,Liechtenstein,2235,LIE,438,,,,,,,,,,,,,,,,,Landlocked country,47.141440000000003,9.552580000000001,161,160.8089954000
Overlapping claim: Venezuela / Netherlands (Aruba) / Dominican Republic,48965,Venezuela,2201,VEN,862,Venezuela,2201,VEN,862,Aruba,8652,ABW,533,Netherlands,15,NLD,528,Dominican Republic,8640,DOM,214,Dominican Republic,8640,DOM,214,Overlapping claim,15.303810000000000,-69.653260000000003,1113,1113.3172760000
Doumeira Islands,48956,Doumeira Islands,48934,,,Eritrea,2111,ERI,232,Doumeira Islands,48934,,,Djibouti,2131,DJI,262,,,,,,,,,Overlapping claim,12.758740000000000,43.221930000000000,246,245.9035790000
Joint regime area: Honduras / United Kingdom (Cayman Islands),48972,Honduras,2103,HND,340,Honduras,2103,HND,340,Cayman Islands,8638,CYM,136,United Kingdom,2208,GBR,826,,,,,,,,,Joint regime (EEZ),18.701110000000000,-83.942220000000006,2075,2075.2810210000
Faeroe,8435,Faeroe,3297,FRO,234,Denmark,2157,DNK,208,,,,,,,,,,,,,,,,,Union EEZ and country,62.591870000000000,-6.996350000000000,266742,266742.3420000000
Peñón de Vélez de la Gomera,48999,Peñón de Vélez de la Gomera,48996,,,Spain,2185,ESP,724,Peñón de Vélez de la Gomera,48996,,,Morocco,2221,MAR,504,,,,,,,,,Overlapping claim,35.185060000000000,-4.305990000000002,4,3.7385622930
